Age,Attrition,BusinessTravel,DailyRate,Department,DistanceFromHome,Education,EducationField,EmployeeNumber,EnvironmentSatisfaction,Gender,HourlyRate,JobInvolvement,JobLevel,JobRole,JobSatisfaction,MaritalStatus,MonthlyIncome,MonthlyRate,NumCompaniesWorked,OverTime,PercentSalaryHike,PerformanceRating,RelationshipSatisfaction,StockOptionLevel,TotalWorkingYears,TrainingTimesLastYear,WorkLifeBalance,YearsAtCompany,YearsInCurrentRole,YearsSinceLastPromotion,YearsWithCurrManager,born_yyyy,generation
41,1,2,1102,2,1,2,1,1,2,0,94,3,2,7,4,2,5993,19479,8,1,11,3,1,0,8,0,1,6,4,0,5,1974,gen_x
49,0,1,279,1,8,1,1,2,3,1,61,2,2,6,2,1,5130,24907,1,0,23,4,4,1,10,3,3,10,7,1,7,1966,gen_x
37,1,2,1373,1,2,2,4,4,4,1,92,2,1,2,3,2,2090,2396,6,1,15,3,2,0,7,3,3,0,0,0,0,1978,gen_x
38,0,1,216,1,23,3,1,12,4,1,44,2,3,4,3,2,9526,8787,0,0,21,4,2,0,10,2,3,9,7,1,8,1977,gen_x
36,0,2,1299,1,27,3,3,13,3,1,94,3,2,0,3,1,5237,16577,6,0,13,3,2,2,17,3,2,7,7,7,7,1979,gen_x
53,0,2,1219,2,2,4,1,23,1,0,78,2,4,3,4,1,15427,22021,2,0,16,3,3,0,31,3,3,25,8,3,7,1962,gen_x
38,0,2,371,1,2,3,1,24,4,1,45,3,1,6,4,2,3944,4306,5,1,11,3,3,0,6,3,3,3,2,1,2,1977,gen_x
36,1,2,1218,2,9,4,1,27,3,1,82,2,1,8,1,2,3407,6986,7,0,23,4,2,0,10,4,3,5,3,0,3,1979,gen_x
53,0,2,1282,1,5,3,4,32,3,0,58,3,5,3,3,0,19094,10735,4,0,11,3,4,1,26,3,2,14,13,4,8,1962,gen_x
42,0,2,691,2,8,4,2,35,3,1,48,3,2,7,2,1,6825,21173,0,0,11,3,4,1,10,2,3,9,7,4,2,1973,gen_x
44,0,2,477,1,7,4,3,36,1,0,42,2,3,0,4,1,10248,2094,3,0,14,3,4,1,24,4,3,22,6,5,17,1971,gen_x
46,0,2,705,2,2,4,2,38,2,0,83,3,5,3,1,2,18947,22822,3,0,12,3,4,0,22,2,2,2,2,2,1,1969,gen_x
44,0,2,1459,1,10,4,4,40,4,1,41,3,2,0,4,1,6465,19121,2,1,13,3,4,0,9,5,4,4,2,1,3,1971,gen_x
39,1,2,895,2,5,3,5,42,4,1,56,3,2,8,4,1,2086,3335,3,0,14,3,3,1,19,6,4,1,0,0,0,1976,gen_x
43,0,2,1273,1,2,2,3,46,4,0,72,4,1,6,3,0,2645,21923,1,0,12,3,4,2,6,3,2,5,3,1,4,1972,gen_x
50,1,2,869,2,3,2,2,47,1,1,86,2,1,8,3,1,2683,3810,1,1,14,3,3,0,3,2,3,3,2,0,2,1965,gen_x
36,0,2,852,1,5,4,1,51,2,0,82,2,1,6,1,1,3419,13072,9,1,14,3,4,1,6,3,4,1,1,0,0,1979,gen_x
41,1,2,1360,1,12,3,5,58,2,0,49,3,5,5,3,1,19545,16280,1,0,12,3,4,0,23,0,3,22,15,15,8,1974,gen_x
37,0,2,408,1,19,2,1,61,2,1,73,3,1,6,2,1,3022,10227,4,0,21,4,1,0,8,1,3,1,0,0,0,1978,gen_x
46,0,1,1211,2,5,4,2,62,1,1,98,3,2,7,4,2,5772,20445,4,1,21,4,3,0,14,4,3,9,6,0,8,1969,gen_x
48,1,2,626,1,1,2,1,64,1,1,98,2,3,2,3,2,5381,19294,9,1,13,3,4,0,23,2,3,1,0,0,0,1967,gen_x
44,0,2,1488,2,1,5,2,68,2,0,75,3,2,7,1,0,5454,4009,5,1,21,4,3,1,9,2,2,4,3,1,3,1971,gen_x
37,0,2,1115,1,1,4,1,77,1,1,51,2,2,4,3,0,5993,2689,1,0,18,3,3,1,7,2,4,7,5,0,7,1978,gen_x
38,0,1,653,1,29,5,1,79,4,0,50,3,2,2,4,2,2406,5456,1,0,11,3,4,0,10,2,3,10,3,9,9,1977,gen_x
50,0,2,989,1,7,2,3,80,2,0,43,2,5,5,3,0,18740,16701,5,1,12,3,4,1,29,2,2,27,3,13,8,1965,gen_x
36,0,2,1223,1,8,3,5,83,3,0,59,3,3,0,3,0,10096,8202,1,0,13,3,2,3,17,2,3,17,14,12,8,1979,gen_x
55,0,2,836,1,8,3,3,84,4,0,33,3,4,3,3,0,14756,19730,2,1,14,3,3,3,21,2,3,5,0,0,2,1960,gen_x
36,0,1,1195,1,11,3,1,85,2,1,95,2,2,4,2,2,6499,22656,1,0,13,3,3,0,6,3,3,6,5,0,3,1979,gen_x
45,0,2,1339,1,7,3,1,86,2,1,59,3,3,6,1,0,9724,18787,2,0,17,3,3,1,25,2,3,1,0,0,0,1970,gen_x
36,1,2,318,1,9,3,3,90,4,1,79,2,1,6,3,1,3388,21777,0,1,17,3,1,1,2,0,2,1,0,0,0,1979,gen_x
36,0,2,132,1,6,3,1,97,2,0,55,4,1,2,4,1,3038,22002,3,0,12,3,2,0,5,3,3,1,0,0,0,1979,gen_x
45,0,2,193,1,6,4,4,101,4,1,52,3,3,5,1,1,13245,15067,4,1,14,3,2,0,17,3,4,0,0,0,0,1970,gen_x
37,0,2,397,1,7,4,3,102,1,1,30,3,3,5,3,2,13664,25258,4,0,13,3,1,0,16,3,4,5,2,0,2,1978,gen_x
46,0,2,945,0,5,2,3,103,2,1,80,3,2,1,2,0,5021,10425,8,1,22,4,4,1,16,2,3,4,2,0,2,1969,gen_x
55,0,2,111,2,1,2,1,106,1,1,70,3,3,7,4,1,10239,18092,3,0,14,3,4,1,24,4,3,1,0,1,0,1960,gen_x
38,0,0,573,1,6,3,3,107,2,0,79,1,2,6,4,0,5329,15717,7,1,12,3,4,3,17,3,3,13,11,1,9,1977,gen_x
51,0,2,432,1,9,4,1,116,4,1,96,3,1,2,4,1,2075,18725,3,0,23,4,2,2,10,4,3,4,2,0,3,1964,gen_x
46,1,2,669,2,9,2,3,118,3,1,64,2,3,7,4,2,9619,13596,1,0,16,3,4,0,9,3,3,9,8,4,7,1969,gen_x
40,0,1,530,1,1,4,1,119,3,1,78,2,4,0,2,1,13503,14115,1,0,22,4,4,1,22,3,2,22,3,11,11,1975,gen_x
51,0,2,632,2,21,4,2,120,3,1,71,3,2,7,4,2,5441,8423,0,1,22,4,4,0,11,2,1,10,7,1,0,1964,gen_x
46,0,1,638,1,1,3,3,124,3,1,40,2,3,0,1,1,10673,3142,2,1,13,3,3,1,21,5,2,10,9,9,5,1969,gen_x
54,0,2,1217,1,2,4,5,126,1,0,60,3,3,5,3,1,13549,24001,9,0,12,3,1,1,16,5,1,4,3,0,3,1961,gen_x
44,0,0,489,1,23,3,3,132,2,1,67,3,2,2,2,1,2042,25043,4,0,12,3,3,1,17,3,4,3,2,1,2,1971,gen_x
37,1,2,807,0,6,4,0,133,3,1,63,3,1,1,1,0,2073,23648,4,1,22,4,4,0,7,3,3,3,2,0,2,1978,gen_x
37,0,0,1040,1,2,2,1,139,3,1,100,2,2,0,4,0,5163,15850,5,0,14,3,4,1,17,2,4,1,0,0,0,1978,gen_x
50,0,1,1115,1,1,3,1,141,1,0,73,3,5,5,2,1,18172,9755,3,1,19,3,1,0,28,1,2,8,3,0,7,1965,gen_x
51,0,1,1456,1,1,4,3,145,1,0,30,2,3,0,1,2,7484,25796,3,0,20,4,3,0,23,1,2,13,12,12,8,1964,gen_x
54,0,0,142,0,26,3,0,148,4,0,30,4,4,3,4,2,17328,13871,2,1,12,3,3,0,23,3,3,5,3,4,4,1961,gen_x
37,0,2,1189,2,3,3,1,152,3,1,87,3,3,7,4,2,7428,14506,2,0,12,3,1,0,12,3,3,5,3,1,3,1978,gen_x
36,0,1,1467,2,11,2,5,154,2,0,92,3,3,7,4,1,9738,22952,0,0,14,3,3,1,10,6,3,9,7,2,8,1979,gen_x
36,0,2,922,1,3,2,1,155,1,0,39,3,1,2,4,0,2835,2561,5,0,22,4,1,1,7,2,3,1,0,0,0,1979,gen_x
43,0,1,394,2,26,2,1,158,3,1,92,3,4,3,4,1,16959,19494,1,1,12,3,4,2,25,3,4,25,12,4,12,1972,gen_x
51,0,2,684,1,6,3,1,162,1,1,51,3,5,5,3,2,19537,6462,7,0,13,3,3,0,23,5,3,20,18,15,15,1964,gen_x
49,0,2,470,1,20,4,3,170,3,0,96,3,2,4,1,1,6567,5549,1,0,14,3,3,0,16,2,2,15,11,5,11,1966,gen_x
43,0,1,957,1,28,3,3,171,2,0,72,4,1,6,3,2,4739,16090,4,0,12,3,4,0,18,2,3,3,2,1,2,1972,gen_x
50,0,1,809,2,12,3,2,174,3,0,77,3,3,7,4,2,9208,6645,4,0,11,3,4,0,16,3,3,2,2,2,1,1965,gen_x
41,0,2,802,2,9,1,1,176,3,1,96,3,3,7,3,0,8189,21196,3,1,13,3,3,1,12,2,3,9,7,0,7,1974,gen_x
36,0,2,216,1,6,2,3,178,2,1,84,3,2,4,2,0,4941,2819,6,0,20,4,4,2,7,0,3,3,2,0,1,1979,gen_x
51,1,1,1150,1,8,4,1,179,1,1,53,1,3,4,4,2,10650,25150,2,0,15,3,4,0,18,2,3,4,2,0,3,1964,gen_x
39,0,2,1329,2,4,4,1,182,4,0,47,2,2,7,3,1,5902,14590,4,0,14,3,3,1,17,1,4,15,11,5,9,1976,gen_x
45,0,2,1316,1,29,3,3,192,3,1,83,3,1,6,4,2,3452,9752,5,0,13,3,2,0,9,2,2,6,5,0,3,1970,gen_x
38,0,2,364,1,3,5,5,193,4,0,32,3,2,6,3,2,4317,2302,3,1,20,4,2,0,19,2,3,3,2,2,2,1977,gen_x
41,0,1,857,1,10,3,1,199,4,1,91,2,4,3,1,0,17181,12888,4,0,13,3,2,1,21,2,2,7,6,7,7,1974,gen_x
41,0,2,933,1,9,4,1,200,3,1,94,3,1,2,1,1,2238,6961,2,0,21,4,4,1,7,2,3,5,0,1,4,1974,gen_x
40,0,1,1395,1,26,3,3,202,2,0,54,3,2,6,2,0,5605,8504,1,0,11,3,1,1,20,2,3,20,7,2,13,1975,gen_x
53,0,2,1436,2,6,2,2,205,2,1,34,3,2,8,3,1,2306,16047,2,1,20,4,4,1,13,3,1,7,7,4,5,1962,gen_x
45,0,2,194,1,9,3,1,206,2,1,60,3,2,2,2,0,2348,10901,8,0,18,3,3,1,20,2,1,17,9,0,15,1970,gen_x
51,0,2,1169,1,7,4,3,211,2,1,34,2,2,4,3,1,6132,13983,2,0,17,3,3,0,10,2,3,1,0,0,0,1964,gen_x
40,0,2,630,2,4,4,2,215,3,1,67,2,3,7,4,1,10855,8552,7,0,11,3,1,1,15,2,2,12,11,2,11,1975,gen_x
50,0,2,1452,1,11,3,1,226,3,0,53,3,5,3,2,2,19926,17053,3,0,15,3,2,0,21,5,3,5,4,4,4,1965,gen_x
41,0,2,465,1,14,3,1,227,1,1,56,3,1,6,3,0,2451,4609,4,0,12,3,1,1,13,2,3,9,8,1,8,1974,gen_x
38,0,2,702,2,1,4,1,230,1,0,59,2,2,7,4,2,8686,12930,4,0,22,4,3,0,12,2,4,8,3,0,7,1977,gen_x
36,0,1,1480,1,3,2,3,238,4,1,30,3,1,2,2,2,2088,15062,4,0,12,3,3,0,13,3,2,8,7,7,2,1979,gen_x
45,0,2,1268,2,4,2,1,240,3,0,30,3,2,7,1,0,5006,6319,4,1,11,3,1,1,9,3,4,5,4,0,3,1970,gen_x
46,0,2,526,2,1,2,2,244,2,0,92,3,3,7,1,0,10453,2137,1,0,25,4,3,3,24,2,3,24,13,15,7,1969,gen_x
38,0,2,1380,1,9,2,1,245,3,0,75,3,1,2,4,2,2288,6319,1,0,12,3,3,0,2,3,3,2,2,2,1,1977,gen_x
41,1,2,1356,2,20,2,2,248,2,0,70,3,1,8,2,2,3140,21728,1,1,22,4,4,0,4,5,2,4,3,0,2,1974,gen_x
50,0,2,328,1,1,3,3,249,3,1,86,2,1,2,3,1,3690,3425,2,0,15,3,4,1,5,2,2,3,2,0,2,1965,gen_x
53,0,2,1084,1,13,2,3,250,4,0,57,4,2,4,1,0,4450,26250,1,0,11,3,3,2,5,3,3,4,2,1,3,1962,gen_x
40,0,2,989,1,4,1,3,253,4,0,46,3,5,3,3,1,19033,6499,1,0,14,3,2,1,21,2,3,20,8,9,9,1975,gen_x
55,0,2,692,1,14,4,3,254,3,1,61,4,5,5,2,2,18722,13339,8,0,11,3,4,0,36,3,3,24,15,2,15,1960,gen_x
51,0,2,313,1,3,3,3,258,4,0,98,3,4,0,2,2,13734,7192,3,0,18,3,3,0,21,6,3,7,7,1,0,1964,gen_x
52,0,2,699,1,1,4,1,259,3,1,65,2,5,3,3,1,19999,5678,0,0,14,3,1,1,34,5,3,33,18,11,9,1963,gen_x
43,0,0,1344,1,7,3,3,262,4,1,37,4,1,6,4,0,2089,5228,4,0,14,3,4,3,7,3,4,5,4,2,2,1972,gen_x
45,0,0,1195,1,2,2,3,264,1,1,65,2,4,3,4,1,16792,20462,9,0,23,4,4,1,22,1,3,20,8,11,8,1970,gen_x
37,0,2,290,1,21,3,1,267,2,1,65,4,1,6,1,1,3564,22977,1,1,12,3,1,1,8,3,2,8,7,1,7,1978,gen_x
42,0,0,926,1,21,2,3,270,3,0,36,3,2,4,3,0,5265,16439,2,0,16,3,2,1,11,5,3,5,3,0,2,1973,gen_x
38,0,2,1261,1,2,4,1,271,4,1,88,3,2,4,3,1,6553,7259,9,0,14,3,2,0,14,3,3,1,0,0,0,1977,gen_x
38,0,2,1084,1,29,3,5,273,4,1,54,3,2,4,4,1,6261,4185,3,0,18,3,1,1,9,3,1,7,7,1,7,1977,gen_x
49,0,0,1002,1,18,4,1,275,4,1,92,3,2,4,4,0,6804,23793,1,1,15,3,1,2,7,0,3,7,7,1,7,1966,gen_x
40,0,2,905,1,19,2,3,281,3,1,99,3,2,2,4,1,2741,16523,8,1,15,3,3,1,15,2,4,7,2,3,7,1975,gen_x
38,1,2,1180,1,29,1,3,282,2,1,70,3,2,0,1,1,6673,11354,7,1,19,3,2,0,17,2,3,1,0,0,0,1977,gen_x
36,0,1,635,1,18,1,3,286,2,0,73,3,1,2,4,2,2153,7703,1,0,13,3,1,0,8,2,3,8,1,1,7,1979,gen_x
40,0,0,1151,1,9,5,1,287,4,1,63,2,2,0,4,1,4876,14242,9,0,14,3,4,1,5,5,1,3,2,0,2,1975,gen_x
46,0,2,644,1,1,4,3,288,4,1,97,3,3,0,1,0,9396,12368,7,0,16,3,3,1,17,3,3,4,2,0,3,1969,gen_x
51,0,2,1469,1,8,4,1,296,2,1,81,2,3,5,2,1,12490,15736,5,0,16,3,4,2,16,5,1,10,9,4,7,1964,gen_x
41,0,2,896,2,6,3,1,298,4,0,75,3,3,3,4,2,13591,14674,3,1,18,3,3,0,16,3,3,1,0,0,0,1974,gen_x
45,0,0,1052,2,6,3,3,302,4,0,57,2,3,7,4,2,8865,16840,6,0,12,3,4,0,23,2,3,19,7,12,8,1970,gen_x
54,0,2,1147,2,3,3,2,303,4,0,52,3,2,7,1,1,5940,17011,2,0,14,3,4,1,16,4,3,6,2,0,5,1961,gen_x
36,0,2,1396,1,5,2,1,304,4,1,62,3,2,2,2,2,5914,9945,8,0,16,3,4,0,16,3,4,13,11,3,7,1979,gen_x
37,0,1,663,1,11,3,4,306,2,1,47,3,3,5,4,0,12185,10056,1,1,14,3,3,3,10,1,3,10,8,0,7,1978,gen_x
38,0,2,119,2,3,3,1,307,1,1,76,3,3,7,3,0,10609,9647,0,0,12,3,3,2,17,6,2,16,10,5,13,1977,gen_x
37,0,1,319,2,4,4,2,311,1,1,41,3,1,8,4,0,2793,2539,4,0,17,3,3,1,13,2,3,9,8,5,8,1978,gen_x
52,0,2,1323,1,2,3,1,316,3,0,89,2,1,2,4,2,3212,3300,7,0,15,3,2,0,6,3,2,2,2,2,2,1963,gen_x
42,0,2,532,1,4,2,5,319,3,1,58,3,5,3,4,1,19232,4933,1,0,11,3,4,0,22,3,3,22,17,11,15,1973,gen_x
50,0,2,854,2,1,4,3,323,4,0,68,3,5,3,4,0,19517,24118,3,0,11,3,3,1,32,3,2,7,0,0,6,1965,gen_x
43,0,2,1034,2,16,3,2,327,4,0,80,3,4,3,4,1,16064,7744,5,1,22,4,3,1,22,3,3,17,13,1,9,1972,gen_x
52,0,0,771,2,2,4,1,329,1,1,79,2,5,3,3,2,19068,21030,1,1,18,3,4,0,33,2,4,33,7,15,12,1963,gen_x
39,0,2,1431,1,1,4,3,332,3,0,96,3,1,2,3,0,2232,15417,7,0,14,3,3,3,7,1,3,3,2,1,2,1976,gen_x
41,0,2,1411,1,19,2,1,334,3,1,36,3,2,6,1,0,3072,19877,2,0,16,3,1,2,17,2,2,1,0,0,0,1974,gen_x
40,0,2,1300,1,24,2,5,335,1,1,62,3,2,6,4,0,3319,24447,1,0,17,3,1,2,9,3,3,9,8,4,7,1975,gen_x
45,0,2,252,1,1,3,4,336,3,1,70,4,5,3,4,1,19202,15970,0,0,11,3,3,1,25,2,3,24,0,1,7,1970,gen_x
37,0,2,1017,1,1,2,3,340,3,0,83,2,1,6,1,1,3920,18697,2,0,14,3,1,1,17,2,2,3,1,0,2,1978,gen_x
45,0,1,1199,1,7,4,1,341,1,1,77,4,2,4,3,1,6434,5118,4,0,17,3,4,1,9,1,3,3,2,0,2,1970,gen_x
37,1,1,504,1,10,3,3,342,1,1,61,3,3,4,3,0,10048,22573,6,0,11,3,2,2,17,5,3,1,0,0,0,1978,gen_x
39,0,1,505,1,2,4,5,343,3,0,64,3,3,0,3,2,10938,6420,0,0,25,4,4,0,20,1,3,19,6,11,8,1976,gen_x
42,0,2,916,1,17,2,1,347,4,0,82,4,2,6,1,2,6545,23016,3,1,13,3,3,0,10,1,3,3,2,0,2,1973,gen_x
42,0,2,269,1,2,3,3,351,4,0,56,2,1,2,1,0,2593,8007,0,1,11,3,3,1,10,4,3,9,6,7,8,1973,gen_x
40,0,2,1416,1,2,2,3,352,1,1,49,3,5,5,3,0,19436,5949,0,0,19,3,4,1,22,5,3,21,7,3,9,1975,gen_x
51,0,2,833,1,1,3,1,353,3,1,96,3,1,6,4,1,2723,23231,1,0,11,3,2,0,1,0,2,1,0,0,0,1964,gen_x
38,0,0,1327,2,2,2,1,361,4,1,39,2,2,7,4,1,5249,19682,3,0,18,3,4,1,13,0,3,8,7,7,5,1977,gen_x
46,0,2,488,2,2,3,5,363,3,0,75,1,4,3,2,1,16872,14977,3,1,12,3,2,1,28,2,2,7,7,7,7,1969,gen_x
45,0,2,1385,1,20,2,3,372,3,1,79,3,4,0,4,1,13496,7501,0,1,14,3,2,0,21,2,3,20,7,4,10,1970,gen_x
36,0,2,1403,1,6,3,1,373,4,1,47,3,1,2,4,1,3210,20251,0,0,11,3,3,1,16,4,3,15,13,10,11,1979,gen_x
55,0,2,452,1,1,3,3,374,4,1,81,3,5,3,1,2,19045,18938,0,1,14,3,3,0,37,2,3,36,10,4,13,1960,gen_x
47,1,0,666,1,29,4,1,376,1,1,88,3,3,3,2,1,11849,10268,1,1,12,3,4,1,10,2,2,10,7,9,9,1968,gen_x
37,0,2,228,2,6,4,3,378,3,1,98,3,2,7,4,1,6502,22825,4,0,14,3,2,1,7,5,4,5,4,0,1,1978,gen_x
37,0,0,728,1,1,4,3,380,1,0,80,3,3,5,4,0,13603,11677,2,1,18,3,1,2,15,2,3,5,2,0,2,1978,gen_x
38,0,2,322,2,7,2,3,382,1,0,44,4,2,7,1,0,5605,19191,1,1,24,4,3,1,8,3,3,8,0,7,7,1977,gen_x
50,0,2,797,1,4,1,1,385,1,1,96,3,5,5,2,0,19144,15815,3,0,14,3,1,2,28,4,2,10,4,1,6,1965,gen_x
53,0,2,1070,1,3,4,3,386,3,1,45,3,4,5,3,1,17584,21016,3,1,16,3,4,3,21,5,2,5,3,1,3,1962,gen_x
42,0,2,635,2,1,1,1,387,2,1,99,3,2,7,3,1,4907,24532,1,0,25,4,3,0,20,3,3,20,16,11,6,1973,gen_x
55,0,2,147,1,20,2,5,389,2,1,37,3,2,2,4,1,5415,15972,3,1,19,3,4,1,12,4,3,10,7,0,8,1960,gen_x
37,0,2,1372,1,1,3,1,391,4,0,42,3,1,6,4,2,2115,15881,1,0,12,3,2,0,17,3,3,17,12,5,7,1978,gen_x
44,1,1,920,1,24,3,1,392,4,1,43,3,1,2,3,0,3161,19920,3,1,22,4,4,1,19,0,1,1,0,0,0,1971,gen_x
38,0,2,688,1,23,4,1,393,4,1,82,3,2,0,4,0,5745,18899,9,0,14,3,2,1,10,2,3,2,2,1,2,1977,gen_x
49,0,1,636,1,10,4,1,396,3,0,35,3,5,5,1,2,18665,25594,9,1,11,3,4,0,22,4,3,3,2,1,2,1966,gen_x
36,0,2,506,1,3,3,5,397,3,1,30,3,2,6,2,2,4485,26285,4,0,12,3,4,0,10,2,3,8,0,7,7,1979,gen_x
37,0,1,889,1,9,3,3,403,2,1,53,3,1,6,4,1,2326,11411,1,1,12,3,3,3,4,3,2,4,2,1,2,1978,gen_x
42,0,1,555,2,26,3,2,404,3,0,77,3,4,7,2,1,13525,14864,5,0,14,3,4,1,23,2,4,20,4,4,8,1973,gen_x
36,0,1,566,1,18,4,1,407,3,1,81,4,1,2,4,1,3688,7122,4,0,18,3,4,2,4,2,3,1,0,0,0,1979,gen_x
51,0,2,1302,1,2,3,3,408,4,1,84,1,2,4,2,0,5482,16321,5,0,18,3,4,1,13,3,3,4,1,1,2,1964,gen_x
41,0,2,334,2,2,4,1,410,4,1,88,3,4,3,2,2,16015,15896,1,0,19,3,2,0,22,2,3,22,10,0,4,1974,gen_x
39,0,2,1132,1,1,3,3,417,3,1,48,4,3,0,4,0,9613,10942,0,0,17,3,1,3,19,5,2,18,10,3,7,1976,gen_x
36,0,0,1105,1,24,4,1,419,2,0,47,3,2,2,2,1,5674,6927,7,0,15,3,3,1,11,3,3,9,8,0,8,1979,gen_x
38,0,2,849,1,25,2,1,421,1,0,81,2,3,5,2,1,12061,26707,3,0,17,3,3,1,19,2,3,10,8,0,1,1977,gen_x
45,0,1,1249,1,7,3,1,425,1,1,97,3,3,2,1,0,5210,20308,1,0,18,3,1,1,24,2,3,24,9,9,11,1970,gen_x
39,0,2,117,1,10,1,3,429,3,1,99,3,4,3,1,1,17068,5355,1,1,14,3,4,0,21,3,3,21,9,11,10,1976,gen_x
43,0,1,185,1,10,4,1,430,3,0,33,3,1,2,4,2,2455,10675,0,0,19,3,1,0,9,5,3,8,7,1,7,1972,gen_x
49,0,2,1091,1,1,2,5,431,3,0,90,2,4,0,3,2,13964,17810,7,1,12,3,4,0,25,2,3,7,1,0,7,1966,gen_x
52,1,2,723,1,8,4,3,433,3,1,85,2,2,6,2,1,4941,17747,2,0,15,3,1,0,11,3,2,8,2,7,7,1963,gen_x
39,0,1,672,1,7,2,3,444,3,1,54,2,5,3,4,1,19272,21141,1,0,15,3,1,1,21,2,3,21,9,13,3,1976,gen_x
39,1,2,1162,2,3,2,3,445,4,0,41,3,2,7,3,1,5238,17778,4,1,18,3,1,0,12,3,2,1,0,0,0,1976,gen_x
47,0,2,1482,1,5,5,1,447,4,1,42,3,5,5,3,1,18300,16375,4,0,11,3,2,1,21,2,3,3,2,1,1,1968,gen_x
43,0,1,559,1,10,4,1,448,3,0,82,2,2,2,3,0,5257,6227,1,0,11,3,2,1,9,3,4,9,7,0,0,1972,gen_x
54,0,1,928,1,20,4,1,450,4,0,31,3,2,6,3,2,4869,16885,3,0,12,3,4,0,20,4,2,4,3,0,3,1961,gen_x
43,0,2,1001,1,7,3,1,451,3,0,43,3,3,0,1,1,9985,9262,8,0,16,3,1,1,10,1,2,1,0,0,0,1972,gen_x
45,0,2,549,1,8,4,4,452,4,1,75,3,2,6,4,1,3697,9278,9,0,14,3,1,2,12,3,3,10,9,9,8,1970,gen_x
40,0,2,1124,2,1,2,3,453,2,1,57,1,2,7,4,1,7457,13273,2,1,22,4,3,3,6,2,2,4,3,0,2,1975,gen_x
37,0,2,1192,1,5,2,3,460,4,1,61,3,2,4,4,0,6347,23177,7,0,16,3,3,2,8,2,2,6,2,0,4,1978,gen_x
38,0,2,343,1,15,2,1,461,3,1,92,2,3,5,4,0,11510,15682,0,1,14,3,2,1,12,3,3,11,10,2,9,1977,gen_x
41,0,2,483,1,6,3,3,466,4,1,95,2,2,4,2,2,6032,10110,6,1,15,3,4,0,8,3,3,5,4,1,2,1974,gen_x
47,0,1,1309,2,4,1,3,467,2,1,99,3,2,8,3,2,2976,25751,3,0,19,3,1,0,5,3,3,0,0,0,0,1968,gen_x
42,0,2,810,1,23,5,1,468,1,0,44,3,4,5,4,2,15992,15901,2,0,14,3,2,0,16,2,3,1,0,0,0,1973,gen_x
42,0,2,544,0,2,1,5,470,3,1,52,3,1,1,3,0,2696,24017,0,1,11,3,3,1,4,5,3,3,2,1,0,1973,gen_x
48,0,2,530,2,29,1,3,473,1,0,91,3,3,3,3,1,12504,23978,3,0,21,4,2,1,15,3,1,0,0,0,0,1967,gen_x
37,0,2,1319,1,6,3,3,474,3,1,51,4,2,6,1,0,5974,17001,4,1,13,3,1,2,13,2,3,7,7,6,7,1978,gen_x
42,0,2,1332,1,2,4,4,477,1,1,98,2,2,0,4,2,6781,17078,3,0,23,4,2,0,14,6,3,1,0,0,0,1973,gen_x
36,0,0,845,2,1,5,3,479,4,0,45,3,2,7,4,2,6653,15276,4,0,15,3,2,0,7,6,3,1,0,0,0,1979,gen_x
36,0,1,541,2,3,4,3,481,1,1,48,2,3,7,4,1,9699,7246,4,0,11,3,1,1,16,2,3,13,9,1,12,1979,gen_x
40,0,2,1171,1,10,4,1,483,4,0,46,4,1,2,3,1,2213,22495,3,1,13,3,3,1,10,3,3,7,7,1,7,1975,gen_x
37,0,2,921,1,10,3,3,486,3,0,98,3,1,2,1,1,3452,17663,6,0,20,4,2,1,17,3,3,5,4,0,3,1978,gen_x
46,0,0,1144,1,7,4,3,487,3,0,30,3,2,4,3,1,5258,16044,2,0,14,3,3,0,7,2,4,1,0,0,0,1969,gen_x
41,1,1,143,2,4,3,2,488,1,1,56,3,2,7,2,2,9355,9558,1,0,18,3,3,0,8,5,3,8,7,7,7,1974,gen_x
50,0,2,1046,1,10,3,5,491,4,1,100,2,3,0,4,2,10496,2755,6,0,15,3,4,0,20,2,3,4,3,1,3,1965,gen_x
40,1,2,575,2,22,2,2,492,3,1,68,2,2,7,3,1,6380,6110,2,1,12,3,1,2,8,6,3,6,4,1,0,1975,gen_x
49,0,2,1261,1,7,3,4,499,2,1,31,2,3,0,3,2,10965,12066,8,0,24,4,3,0,26,2,3,5,2,0,0,1966,gen_x
51,0,2,1178,2,14,2,1,500,3,0,87,3,2,7,4,1,4936,14862,4,0,11,3,3,1,18,2,2,7,7,0,7,1964,gen_x
36,0,2,329,1,2,3,1,501,4,0,96,3,1,6,3,1,2543,11868,4,0,13,3,2,1,6,3,3,2,2,2,2,1979,gen_x
55,0,2,1311,1,2,3,1,505,3,0,97,3,4,3,4,2,16659,23258,2,1,13,3,3,0,30,2,3,5,4,1,2,1960,gen_x
36,0,2,164,2,2,2,3,513,2,1,61,2,3,7,3,1,7596,3809,1,0,13,3,2,2,10,2,3,10,9,9,0,1979,gen_x
37,0,2,1107,1,14,3,1,515,4,0,95,3,1,2,1,0,3034,26914,1,0,12,3,3,1,18,2,2,18,7,12,17,1978,gen_x
40,0,2,759,2,2,2,2,516,4,0,46,3,2,7,2,0,5715,22553,7,0,12,3,3,2,8,5,3,5,4,1,3,1975,gen_x
42,0,2,201,1,1,4,1,517,2,0,95,3,1,2,1,0,2576,20490,3,0,16,3,2,1,8,5,3,5,2,1,2,1973,gen_x
37,0,2,1305,1,10,4,1,518,3,1,49,3,2,4,2,2,4197,21123,2,1,12,3,4,0,18,2,2,1,0,0,1,1978,gen_x
43,0,2,982,1,12,3,1,520,1,1,59,2,4,5,2,0,14336,4345,1,0,11,3,3,1,25,3,3,25,10,3,9,1972,gen_x
40,0,2,555,1,2,3,3,521,2,0,78,2,2,2,3,1,3448,13436,6,0,22,4,2,1,20,3,3,1,0,0,0,1975,gen_x
54,0,2,821,1,5,2,3,522,1,1,86,3,5,5,1,1,19406,8509,4,0,11,3,3,1,24,4,2,4,2,1,2,1961,gen_x
43,0,1,313,1,21,3,3,525,4,1,61,3,1,2,4,1,2258,15238,7,0,20,4,1,1,8,1,3,3,2,1,2,1972,gen_x
43,0,2,1473,1,8,4,4,526,3,0,74,3,2,0,3,0,4522,2227,4,1,14,3,4,0,8,3,3,5,2,0,2,1972,gen_x
37,0,0,1063,1,25,5,3,529,2,0,72,3,2,6,3,1,4449,23866,3,1,15,3,1,2,15,2,3,13,11,10,7,1978,gen_x
39,0,1,1218,1,1,1,1,531,2,1,52,3,5,3,3,0,19197,8213,1,1,14,3,3,1,21,3,3,21,8,1,6,1976,gen_x
41,0,2,645,2,1,3,2,534,2,1,49,4,3,7,1,1,8392,19566,1,0,16,3,3,1,10,2,3,10,7,0,7,1974,gen_x
52,0,2,319,1,3,3,3,543,4,1,39,2,3,4,3,1,7969,19609,2,1,14,3,3,0,28,4,3,5,4,0,4,1963,gen_x
45,0,2,192,1,10,2,1,544,1,1,69,3,1,6,4,1,2654,9655,3,0,21,4,4,2,8,3,2,2,2,0,2,1970,gen_x
52,0,2,1490,1,4,2,1,546,4,0,30,3,4,3,4,1,16555,10310,2,0,13,3,4,0,31,2,1,5,2,1,4,1963,gen_x
42,0,1,532,1,29,2,1,547,1,0,92,3,2,6,3,0,4556,12932,2,0,11,3,2,1,19,3,3,5,4,0,2,1973,gen_x
46,0,2,1485,1,18,3,3,550,3,0,87,3,2,4,3,0,4810,26314,2,0,14,3,3,1,19,5,2,10,7,0,8,1969,gen_x
42,0,1,1368,1,28,4,5,551,4,0,88,2,2,0,4,1,4523,4386,0,0,11,3,4,3,7,4,4,6,5,0,4,1973,gen_x
38,0,1,1490,1,2,2,1,556,4,1,42,3,1,2,4,1,1702,12106,1,1,23,4,3,1,1,3,3,1,0,0,0,1977,gen_x
40,0,2,1398,2,2,4,1,558,3,0,79,3,5,3,3,1,18041,13022,0,0,14,3,4,0,21,2,3,20,15,1,12,1975,gen_x
50,0,2,1099,1,29,4,1,569,2,1,88,2,4,3,3,1,17046,9314,0,0,15,3,2,1,28,2,3,27,10,15,7,1965,gen_x
47,0,2,983,1,2,2,3,574,1,0,65,3,2,4,4,0,5070,7389,5,0,13,3,3,3,20,2,3,5,0,0,4,1968,gen_x
46,0,2,1009,1,2,3,1,575,1,1,51,3,4,5,3,1,17861,2288,6,0,13,3,3,0,26,2,1,3,2,0,1,1969,gen_x
54,0,2,548,1,8,4,1,578,3,0,42,3,2,2,3,2,3780,23428,7,0,11,3,3,0,19,3,3,1,0,0,0,1961,gen_x
46,0,2,1125,2,10,3,2,580,3,0,94,2,3,7,4,1,9071,11563,2,1,19,3,3,1,15,3,3,3,2,1,2,1969,gen_x
42,0,1,1474,1,5,2,4,591,2,1,97,3,1,2,3,1,2093,9260,4,0,17,3,4,1,8,4,3,2,2,2,0,1973,gen_x
36,0,0,635,2,10,4,3,592,2,1,32,3,3,7,4,2,9980,15318,1,0,14,3,4,0,10,3,2,10,3,9,7,1979,gen_x
48,0,2,163,2,2,5,2,595,2,0,37,3,2,7,4,1,4051,19658,2,0,14,3,1,1,14,2,3,9,7,6,7,1967,gen_x
55,0,2,1117,2,18,5,1,597,1,0,83,3,4,3,2,2,16835,9873,3,0,23,4,4,0,37,2,3,10,9,7,7,1960,gen_x
41,0,0,267,2,10,2,1,599,4,1,56,3,2,7,4,2,6230,13430,7,0,14,3,4,0,16,3,3,14,3,1,10,1974,gen_x
40,0,2,302,1,6,3,1,601,2,0,75,3,4,4,3,2,13237,20364,7,0,15,3,3,0,22,3,3,20,6,5,13,1975,gen_x
39,0,1,443,1,8,1,1,602,3,0,48,3,1,2,3,1,3755,17872,1,0,11,3,1,1,8,3,3,8,3,0,7,1976,gen_x
42,0,2,319,1,24,3,3,605,4,1,56,3,3,4,1,1,7406,6950,1,1,21,4,4,1,10,5,2,10,9,5,8,1973,gen_x
45,0,2,561,2,2,3,4,606,4,1,61,3,2,7,2,1,4805,16177,0,0,19,3,2,1,9,3,4,8,7,3,7,1970,gen_x
40,0,0,1094,2,28,3,4,615,3,1,58,1,3,7,1,0,10932,11373,3,0,15,3,3,1,20,2,3,1,0,0,1,1975,gen_x
41,0,0,509,1,2,4,4,616,1,0,62,2,2,0,3,2,6811,2112,2,1,17,3,1,0,10,3,3,8,7,0,7,1974,gen_x
37,0,2,799,1,1,3,5,623,2,0,59,3,3,4,4,2,7491,23848,4,0,17,3,4,0,12,3,4,6,5,1,2,1978,gen_x
46,0,1,1034,1,18,1,3,624,1,0,86,3,3,0,3,1,10527,8984,5,0,11,3,4,0,28,3,2,2,2,1,2,1969,gen_x
41,0,2,1276,2,2,5,1,625,2,0,91,3,4,3,1,1,16595,5626,7,0,16,3,2,1,22,2,3,18,16,11,8,1974,gen_x
37,0,0,142,2,9,4,3,626,1,1,69,3,3,7,2,0,8834,24666,1,0,13,3,4,1,9,6,3,9,5,7,7,1978,gen_x
52,0,2,956,1,6,2,5,630,4,1,78,3,2,6,1,0,5577,22087,3,1,12,3,2,2,18,3,3,10,9,6,9,1963,gen_x
38,0,2,1495,1,10,3,3,634,3,0,76,3,2,0,3,1,9824,22174,3,0,19,3,3,1,18,4,3,1,0,0,0,1977,gen_x
37,0,2,446,1,1,4,1,635,2,0,65,3,2,4,2,1,6447,15701,6,0,12,3,2,1,8,2,2,6,5,4,3,1978,gen_x
49,0,2,1245,1,18,4,1,638,4,1,58,2,5,5,3,0,19502,2125,1,1,17,3,3,1,31,5,3,31,9,0,9,1966,gen_x
50,0,1,1246,0,3,3,3,644,1,1,99,3,5,3,2,1,18200,7999,1,0,11,3,3,1,32,2,3,32,5,10,7,1965,gen_x
37,0,2,558,2,2,3,2,656,4,1,75,3,2,7,3,1,9602,3010,4,1,11,3,3,1,17,3,2,3,0,1,0,1978,gen_x
42,0,2,622,1,2,4,1,659,3,0,81,3,2,0,4,1,4089,5718,1,0,13,3,2,2,10,4,3,10,2,2,2,1973,gen_x
43,0,2,782,1,6,4,4,661,2,1,50,2,4,5,4,0,16627,2671,4,1,14,3,3,1,21,3,2,1,0,0,0,1972,gen_x
38,0,2,362,1,1,1,1,662,3,0,43,3,1,6,1,2,2619,14561,3,0,17,3,4,0,8,3,2,0,0,0,0,1977,gen_x
43,0,1,1001,1,9,5,3,663,4,1,72,3,2,2,3,0,5679,19627,3,1,13,3,2,1,10,3,3,8,7,4,7,1972,gen_x
48,0,2,1236,1,1,4,1,664,4,0,40,2,4,3,1,1,15402,17997,7,0,11,3,1,1,21,3,1,3,2,0,2,1967,gen_x
44,0,2,1112,0,1,4,1,665,1,0,50,2,2,1,3,2,5985,26894,4,0,11,3,2,0,10,1,4,2,2,0,2,1971,gen_x
44,0,2,1315,1,3,4,4,671,4,1,35,3,5,3,4,1,19513,9358,4,1,12,3,1,1,26,2,4,2,2,0,1,1971,gen_x
53,0,2,238,2,1,1,3,682,4,0,34,3,2,7,1,2,8381,7507,7,0,20,4,4,0,18,2,4,14,7,8,10,1962,gen_x
45,1,1,306,2,26,4,1,684,1,0,100,3,2,7,1,1,4286,5630,2,0,14,3,4,2,5,4,3,1,1,0,0,1970,gen_x
37,0,2,482,1,3,3,4,689,3,1,36,3,3,4,3,1,9434,9606,1,0,15,3,3,1,10,2,3,10,7,7,8,1978,gen_x
54,0,2,397,0,19,4,3,698,3,1,88,3,3,1,2,1,10725,6729,2,0,15,3,3,1,16,1,4,9,7,7,1,1961,gen_x
36,0,2,913,1,9,2,3,699,2,1,48,2,2,4,2,0,8847,13934,2,1,11,3,3,1,13,2,3,3,2,0,2,1979,gen_x
38,0,2,243,2,7,4,2,709,4,0,46,2,2,7,4,2,4028,7791,0,0,20,4,1,0,8,2,3,7,7,0,5,1977,gen_x
48,0,2,817,2,2,1,2,712,2,1,56,4,2,7,2,1,8120,18597,3,0,12,3,4,0,12,3,3,2,2,2,2,1967,gen_x
37,0,2,1225,1,10,2,1,715,4,1,80,4,1,6,4,2,4680,15232,3,0,17,3,1,0,4,2,3,1,0,0,0,1978,gen_x
50,0,2,1207,1,28,1,3,716,4,1,74,4,1,2,3,1,3221,3297,1,1,11,3,3,3,20,3,3,20,8,3,8,1965,gen_x
39,0,2,408,1,2,4,5,721,4,0,80,2,2,0,3,2,4553,20978,1,0,11,3,1,0,20,4,3,20,7,11,10,1976,gen_x
50,1,1,562,2,8,2,5,723,2,1,50,3,2,7,3,1,6796,23452,3,1,14,3,1,1,18,4,3,4,3,1,3,1965,gen_x
38,0,2,827,1,1,4,1,724,2,0,33,4,2,0,4,2,7625,19383,0,0,13,3,3,0,10,4,2,9,7,1,8,1977,gen_x
47,0,2,703,2,14,4,2,728,4,1,42,3,2,7,1,2,4960,11825,2,0,12,3,4,0,20,2,3,7,7,1,7,1968,gen_x
40,0,1,580,2,5,4,1,729,4,1,48,2,3,7,1,1,10475,23772,5,1,21,4,3,1,20,2,3,18,13,1,12,1975,gen_x
53,0,2,970,1,7,3,1,730,3,1,59,4,4,5,3,1,14814,13514,3,0,19,3,3,0,32,3,3,5,1,1,3,1962,gen_x
41,0,2,427,0,10,4,0,731,2,1,73,2,5,3,4,0,19141,8861,3,0,15,3,2,3,23,2,2,21,6,12,6,1974,gen_x
41,0,2,314,0,1,3,0,734,4,1,59,2,5,3,3,1,19189,19562,1,0,12,3,2,1,22,3,3,22,7,2,10,1974,gen_x
50,0,2,316,2,8,4,2,738,4,1,54,3,1,8,2,1,3875,9983,7,0,15,3,4,1,4,2,3,2,2,2,2,1965,gen_x
36,0,0,427,1,8,3,1,742,1,0,63,4,3,5,1,1,11713,20335,9,0,14,3,1,1,10,2,3,8,7,0,5,1979,gen_x
38,0,2,168,1,1,3,1,743,3,0,81,3,3,4,3,2,7861,15397,4,1,14,3,4,0,10,4,4,1,0,0,0,1977,gen_x
44,0,0,381,1,24,3,3,744,1,1,49,1,1,2,3,2,3708,2104,2,0,14,3,3,0,9,5,3,5,2,1,4,1971,gen_x
47,0,1,217,2,3,3,3,746,4,0,49,3,4,7,3,0,13770,10225,9,1,12,3,4,2,28,2,2,22,2,11,13,1968,gen_x
42,1,1,933,1,19,3,3,752,3,1,57,4,1,6,3,0,2759,20366,6,1,12,3,4,0,7,2,3,2,2,2,2,1973,gen_x
43,0,1,775,2,15,3,1,754,4,1,47,2,2,7,4,1,6804,23683,3,0,18,3,3,1,7,5,3,2,2,2,2,1972,gen_x
39,0,2,141,0,3,3,0,760,3,0,44,4,2,1,2,1,6389,18767,9,0,15,3,3,1,12,3,1,8,3,3,6,1976,gen_x
40,0,2,804,1,2,1,3,763,4,0,86,2,1,6,4,2,2342,22929,0,1,20,4,4,0,5,2,2,4,2,2,3,1975,gen_x
53,0,2,346,1,6,3,1,769,4,1,86,3,2,2,4,2,2450,10919,2,0,17,3,4,0,19,4,3,2,2,2,2,1962,gen_x
38,0,2,268,1,2,5,3,773,4,1,92,3,1,6,3,1,3057,20471,6,1,13,3,2,1,6,0,1,1,0,0,1,1977,gen_x
52,0,2,621,2,3,4,2,776,3,1,31,2,4,3,1,1,16856,10084,1,0,11,3,1,0,34,3,4,34,6,1,16,1963,gen_x
45,0,2,954,2,2,2,5,783,2,1,46,1,2,8,3,2,6632,12388,0,0,13,3,1,0,9,3,3,8,7,3,1,1970,gen_x
47,1,1,719,2,27,2,1,785,2,0,77,4,2,7,3,2,6397,10339,4,1,12,3,4,0,8,2,3,5,4,1,3,1968,gen_x
55,1,2,725,1,2,3,3,787,4,1,78,3,5,3,1,1,19859,21199,5,1,13,3,4,1,24,2,3,5,2,1,4,1960,gen_x
36,0,0,1434,2,8,4,1,789,1,1,76,2,3,7,1,2,7587,14229,1,0,15,3,2,0,10,1,3,10,7,0,9,1979,gen_x
52,0,0,715,1,19,4,3,791,4,1,41,3,1,6,4,1,4258,26589,0,0,18,3,1,1,5,3,3,4,3,1,2,1963,gen_x
54,0,2,376,1,19,4,3,799,4,0,95,3,2,4,1,0,5485,22670,9,1,11,3,2,2,9,4,3,5,3,1,4,1961,gen_x
37,0,2,571,1,10,1,1,802,4,0,82,3,1,6,1,0,2782,19905,0,1,13,3,2,2,6,3,2,5,3,4,3,1978,gen_x
38,0,1,240,1,2,4,1,803,1,0,75,4,2,4,1,2,5980,26085,6,1,12,3,4,0,17,2,3,15,7,4,12,1977,gen_x
40,0,1,791,1,2,2,3,807,3,0,38,4,2,0,2,1,4244,9931,1,0,24,4,4,1,8,2,3,8,7,3,7,1975,gen_x
42,0,1,570,1,8,3,1,809,2,1,66,3,5,3,4,0,18430,16225,1,0,13,3,2,1,24,4,2,24,7,14,9,1973,gen_x
52,0,2,1325,1,11,4,1,813,4,0,82,3,2,2,3,1,3149,21821,8,0,20,4,2,1,9,3,3,5,2,1,4,1963,gen_x
50,0,2,691,1,2,3,3,815,3,1,64,3,4,5,3,1,17639,6881,5,0,16,3,4,0,30,3,3,4,3,0,3,1965,gen_x
47,0,2,202,1,2,2,4,820,3,0,33,3,4,3,4,1,16752,12982,1,1,11,3,3,1,26,3,2,26,14,3,0,1968,gen_x
36,0,2,676,1,1,3,4,823,3,0,35,3,2,4,2,1,5228,23361,0,0,15,3,1,1,10,2,3,9,7,0,5,1979,gen_x
42,0,2,932,1,1,2,1,827,4,0,43,2,2,4,4,1,6062,4051,9,1,13,3,4,1,8,4,3,4,3,0,2,1973,gen_x
36,0,2,1041,0,13,3,0,829,3,1,36,3,1,1,2,1,2143,25527,4,0,13,3,2,1,8,2,3,5,2,0,4,1979,gen_x
40,0,1,720,1,16,4,3,832,1,1,51,2,2,2,3,2,5094,11983,6,0,14,3,4,0,10,6,3,1,0,0,0,1975,gen_x
45,0,2,252,1,2,3,1,834,2,0,95,2,1,6,3,2,2274,6153,1,0,14,3,4,0,1,3,3,1,0,0,0,1970,gen_x
42,0,2,933,1,29,3,1,836,2,1,98,3,2,4,2,1,4434,11806,1,0,13,3,4,1,10,3,2,9,8,7,8,1973,gen_x
38,0,1,471,1,12,3,1,837,1,1,45,2,2,0,1,0,6288,4284,2,0,15,3,3,1,13,3,2,4,3,1,2,1977,gen_x
49,1,2,1184,2,11,3,2,840,3,0,43,3,3,7,4,1,7654,5860,1,0,18,3,1,2,9,3,4,9,8,7,7,1966,gen_x
55,1,2,436,2,2,1,3,842,3,1,37,3,2,7,4,2,5160,21519,4,0,16,3,3,0,12,3,2,9,7,7,3,1960,gen_x
43,0,2,589,1,14,2,1,843,2,1,94,3,4,5,1,1,17159,5200,6,0,24,4,3,1,22,3,3,4,1,1,0,1972,gen_x
51,0,2,1318,2,26,4,2,851,1,0,66,3,4,3,3,1,16307,5594,2,0,14,3,3,1,29,2,2,20,6,4,17,1964,gen_x
44,0,2,625,1,4,3,3,852,4,1,50,3,2,0,2,2,5933,5197,9,0,12,3,4,0,10,2,2,5,2,2,3,1971,gen_x
36,0,2,928,2,1,2,1,857,2,1,56,3,2,7,4,1,6201,2823,1,1,14,3,4,1,18,1,2,18,14,4,11,1979,gen_x
53,0,2,661,2,7,2,2,862,1,0,78,2,3,7,4,1,10934,20715,7,1,18,3,4,1,35,3,3,5,2,0,4,1962,gen_x
45,0,2,930,2,9,3,2,864,4,1,74,3,3,7,1,0,10761,19239,4,1,12,3,3,1,18,2,3,5,4,0,2,1970,gen_x
52,0,1,890,1,25,4,3,867,3,0,81,2,4,4,4,1,13826,19028,3,0,22,4,3,0,31,3,3,9,8,0,0,1963,gen_x
37,0,2,342,2,16,4,2,868,4,1,66,2,2,7,3,0,6334,24558,4,0,19,3,4,2,9,2,3,1,0,0,0,1978,gen_x
44,0,2,986,1,8,4,1,874,1,1,62,4,1,2,4,1,2818,5044,2,1,24,4,3,1,10,2,2,3,2,0,2,1971,gen_x
42,0,1,1271,1,2,1,3,875,2,1,35,3,1,6,4,2,2515,9068,5,1,14,3,4,0,8,2,3,2,1,2,2,1973,gen_x
36,0,2,1278,0,8,3,1,878,1,1,77,2,1,1,1,1,2342,8635,0,0,21,4,3,0,6,3,3,5,4,0,3,1979,gen_x
49,0,2,1418,1,1,3,5,887,3,0,36,3,1,6,1,1,3580,10554,2,0,16,3,2,1,7,2,3,4,2,0,2,1966,gen_x
38,0,2,395,2,9,3,2,893,2,1,98,2,1,8,2,1,2899,12102,0,0,19,3,4,1,3,3,3,2,2,1,2,1977,gen_x
42,0,2,1265,1,3,3,1,894,3,0,95,4,2,2,4,1,5231,23726,2,1,13,3,2,1,17,1,2,5,3,1,3,1973,gen_x
53,0,2,868,2,8,3,2,897,1,1,73,3,4,7,4,1,11836,22789,5,0,14,3,3,1,28,3,3,2,0,2,2,1962,gen_x
37,0,1,1231,2,21,2,3,900,3,0,54,3,1,8,4,1,2973,21222,5,0,15,3,2,1,10,3,3,5,4,0,0,1978,gen_x
53,0,2,102,1,23,4,1,901,4,0,72,3,4,5,4,2,14275,20206,6,0,18,3,3,0,33,0,3,12,9,3,8,1962,gen_x
43,0,1,422,1,1,3,1,902,4,0,33,3,2,0,4,1,5562,21782,4,0,13,3,2,1,12,2,2,5,2,2,2,1972,gen_x
47,0,2,249,2,2,2,2,903,3,0,35,3,2,7,4,1,4537,17783,0,1,22,4,1,1,8,2,3,7,6,7,7,1968,gen_x
37,0,0,1252,2,19,2,3,904,1,1,32,3,3,7,2,2,7642,4814,1,1,13,3,4,0,10,2,3,10,0,0,9,1978,gen_x
50,0,0,881,1,2,4,1,905,1,1,98,3,4,3,1,0,17924,4544,1,0,11,3,4,1,31,3,3,31,6,14,7,1965,gen_x
39,0,2,1383,0,2,3,1,909,4,0,42,2,2,1,4,1,5204,7790,8,0,11,3,3,2,13,2,3,5,4,0,4,1976,gen_x
44,0,2,661,1,9,2,1,913,2,1,61,3,1,6,1,1,2559,7508,1,1,13,3,4,0,8,0,3,8,7,7,1,1971,gen_x
43,0,2,177,1,8,3,1,920,1,0,55,3,2,4,2,0,4765,23814,4,0,21,4,3,1,4,2,4,1,0,0,0,1972,gen_x
36,0,2,1425,1,14,1,1,924,3,1,68,3,2,0,4,1,6586,4821,0,1,17,3,1,1,17,2,2,16,8,4,11,1979,gen_x
47,0,2,1454,2,2,4,1,925,4,0,65,2,1,8,4,2,3294,13137,1,1,18,3,1,0,3,3,2,3,2,1,2,1968,gen_x
41,1,2,1085,1,2,4,1,927,2,0,57,1,1,2,4,0,2778,17725,4,1,13,3,3,1,10,1,2,7,7,1,0,1974,gen_x
39,1,2,1122,1,6,3,3,932,4,1,70,3,1,2,1,1,2404,4303,7,1,21,4,4,0,8,2,1,2,2,2,2,1976,gen_x
42,0,2,462,2,14,2,3,936,3,0,68,2,2,7,3,2,6244,7824,7,0,17,3,1,0,10,6,3,5,4,0,3,1973,gen_x
49,0,2,527,1,8,2,4,944,1,0,51,3,3,2,2,1,7403,22477,4,0,11,3,3,1,29,3,2,26,9,1,7,1966,gen_x
48,0,2,1469,1,20,4,3,945,4,1,51,3,1,6,3,1,2259,5543,4,0,17,3,1,2,13,2,2,0,0,0,0,1967,gen_x
36,0,2,188,1,7,4,4,949,2,1,65,3,1,6,4,2,4678,23293,2,0,18,3,3,0,8,6,3,6,2,0,1,1979,gen_x
38,0,2,1333,1,1,3,5,950,4,0,80,3,3,5,1,1,13582,16292,1,0,13,3,2,1,15,3,3,15,12,5,11,1977,gen_x
40,0,2,658,2,10,4,2,954,1,1,67,2,3,7,2,0,9705,20652,2,0,12,3,2,1,11,2,2,1,0,0,0,1975,gen_x
41,0,2,263,1,6,3,3,957,4,1,59,3,1,2,1,2,4721,3119,2,1,13,3,3,0,20,3,3,18,13,2,17,1974,gen_x
36,0,2,938,1,2,4,3,958,3,1,79,3,1,2,3,2,2519,12287,4,0,21,4,3,0,16,6,3,11,8,3,9,1979,gen_x
40,0,1,1469,1,9,4,3,964,4,1,35,3,1,6,2,0,3617,25063,8,1,14,3,4,1,3,2,3,1,1,0,0,1975,gen_x
36,1,2,530,2,3,1,1,967,3,1,51,2,3,7,4,1,10325,5518,1,1,11,3,1,1,16,6,3,16,7,3,7,1979,gen_x
37,1,2,625,2,1,4,1,970,1,1,46,2,3,7,3,1,10609,14922,5,0,11,3,3,0,17,2,1,14,1,11,7,1978,gen_x
45,0,0,805,1,4,2,1,972,3,1,57,3,2,2,2,1,4447,23163,1,0,12,3,2,0,9,5,2,9,7,0,8,1970,gen_x
52,0,2,1053,1,1,2,1,976,4,1,70,3,4,3,4,1,17099,13829,2,0,15,3,2,1,26,2,2,9,8,7,8,1963,gen_x
53,0,2,1376,2,2,2,3,981,3,1,45,3,4,3,3,0,14852,13938,6,0,13,3,3,1,22,3,4,17,13,15,2,1962,gen_x
38,0,0,152,2,10,3,5,983,3,0,85,3,2,7,4,2,5666,19899,1,1,13,3,2,0,6,1,3,5,3,1,3,1977,gen_x
39,0,2,903,2,2,5,1,985,1,1,41,4,3,7,3,2,7880,2560,0,0,18,3,4,0,9,3,3,8,7,0,7,1976,gen_x
40,1,0,1479,2,24,3,1,986,2,0,100,4,4,7,2,2,13194,17071,4,1,16,3,4,0,22,2,2,1,0,0,0,1975,gen_x
47,0,1,1379,1,16,4,3,987,3,1,64,4,2,4,3,0,5067,6759,1,1,19,3,3,0,20,3,4,19,10,2,7,1968,gen_x
36,0,0,1229,2,8,4,5,990,1,1,84,3,2,7,4,0,5079,25952,4,0,13,3,4,2,12,3,3,7,7,0,7,1979,gen_x
45,0,2,974,1,1,4,3,996,4,0,91,3,1,2,4,0,2270,11005,3,0,14,3,4,2,8,2,3,5,3,0,2,1970,gen_x
50,0,2,1126,1,1,2,3,997,4,1,66,3,4,5,4,0,17399,6615,9,0,22,4,3,1,32,1,2,5,4,1,3,1965,gen_x
41,0,1,840,1,9,3,3,999,1,1,64,3,5,5,3,0,19419,3735,2,0,17,3,2,1,21,2,4,18,16,0,11,1974,gen_x
45,0,0,248,1,23,2,1,1002,4,1,42,3,2,2,1,1,3633,14039,1,1,15,3,3,1,9,2,3,9,8,0,8,1970,gen_x
47,0,2,955,2,4,2,1,1003,4,0,83,3,2,7,4,2,4163,8571,1,1,17,3,3,0,9,0,3,9,0,0,7,1968,gen_x
50,0,2,939,1,24,3,1,1005,4,1,95,3,4,4,3,1,13973,4161,3,1,18,3,4,1,22,2,3,12,11,1,5,1965,gen_x
38,0,1,1391,1,10,1,3,1006,3,1,66,3,1,6,3,1,2684,12127,0,0,17,3,2,1,3,0,2,2,1,0,2,1977,gen_x
46,0,2,566,1,7,2,3,1007,4,1,75,3,3,4,3,0,10845,24208,6,0,13,3,2,1,13,3,3,8,7,0,7,1969,gen_x
54,0,2,1441,1,17,3,5,1013,3,0,56,3,3,4,3,1,10739,13943,8,0,11,3,3,1,22,2,3,10,7,0,8,1961,gen_x
48,0,2,277,1,6,3,1,1022,1,1,97,2,2,0,3,2,4240,13119,2,0,13,3,4,0,19,0,3,2,2,2,2,1967,gen_x
48,0,2,1355,1,4,4,1,1024,3,1,78,2,3,0,3,2,10999,22245,7,0,14,3,2,0,27,3,3,15,11,4,8,1967,gen_x
41,0,2,549,1,7,2,3,1025,4,0,42,3,2,4,3,2,5003,23371,6,0,14,3,2,0,8,6,3,2,2,2,1,1974,gen_x
39,0,2,466,1,1,1,1,1026,4,0,65,2,4,4,4,1,12742,7060,1,0,16,3,3,1,21,3,3,21,6,11,8,1976,gen_x
42,0,2,265,2,5,2,2,1029,4,1,90,3,5,3,3,1,18303,7770,6,0,13,3,2,0,21,3,4,1,0,0,0,1973,gen_x
50,0,2,804,1,9,3,1,1030,1,1,64,3,1,2,4,1,2380,20165,4,0,18,3,2,0,8,5,3,1,0,0,0,1965,gen_x
37,1,2,1141,1,11,2,3,1033,1,0,61,1,2,0,2,1,4777,14382,5,0,15,3,1,0,15,2,1,1,0,0,0,1978,gen_x
55,0,1,135,1,18,4,3,1034,3,1,62,3,2,0,2,1,6385,12992,3,1,14,3,4,2,17,3,3,8,7,6,7,1960,gen_x
41,0,0,247,1,7,1,1,1035,2,0,55,1,5,5,3,0,19973,20284,1,0,22,4,2,2,21,3,3,21,16,5,10,1974,gen_x
38,0,2,1035,2,3,4,1,1036,2,1,42,3,2,7,4,2,6861,4981,8,1,12,3,3,0,19,1,3,1,0,0,0,1977,gen_x
52,1,2,266,2,2,1,2,1038,1,0,57,1,5,3,4,1,19845,25846,1,0,15,3,4,1,33,3,3,32,14,6,9,1963,gen_x
44,0,2,1448,2,28,3,3,1039,4,0,53,4,4,7,4,1,13320,11737,3,1,18,3,3,1,23,2,3,12,11,11,11,1971,gen_x
50,0,0,145,2,1,3,1,1040,4,0,95,3,2,7,3,1,6347,24920,0,0,12,3,1,1,19,3,3,18,7,0,13,1965,gen_x
36,1,2,885,1,16,4,1,1042,3,0,43,4,1,2,1,2,2743,8269,1,0,16,3,3,0,18,1,3,17,13,15,14,1979,gen_x
39,0,1,945,1,22,3,3,1043,4,0,82,3,3,4,1,2,10880,5083,1,1,13,3,3,0,21,2,3,21,6,2,8,1976,gen_x
45,0,2,1234,2,11,2,1,1045,4,0,90,3,4,3,4,1,17650,5404,3,0,13,3,2,1,26,4,4,9,3,1,1,1970,gen_x
45,0,2,788,0,24,4,3,1049,2,1,36,3,1,1,2,2,2177,8318,1,0,16,3,1,0,6,3,3,6,3,0,4,1970,gen_x
53,0,1,124,2,2,3,2,1050,3,0,38,2,3,7,2,1,7525,23537,2,0,12,3,1,1,30,2,3,15,7,6,12,1962,gen_x
36,1,2,660,1,15,3,4,1052,1,1,81,3,2,2,3,0,4834,7858,7,0,14,3,2,1,9,3,2,1,0,0,0,1979,gen_x
38,0,1,1186,1,3,4,4,1060,3,1,44,3,1,6,3,1,2821,2997,3,0,16,3,1,1,8,2,3,2,2,2,2,1977,gen_x
50,0,2,1464,1,2,4,3,1061,2,1,62,3,5,5,3,1,19237,12853,2,1,11,3,4,1,29,2,2,8,1,7,7,1965,gen_x
37,0,2,124,1,3,3,4,1062,4,0,35,3,2,0,2,2,4107,13848,3,0,15,3,1,0,8,3,2,4,3,0,1,1978,gen_x
40,0,2,300,2,26,3,2,1066,3,1,74,3,2,7,1,1,8396,22217,1,0,14,3,2,1,8,3,2,7,7,7,5,1975,gen_x
46,0,2,430,1,1,4,3,1069,4,1,40,3,5,5,4,0,19627,21445,9,0,17,3,4,2,23,0,3,2,2,2,2,1969,gen_x
54,0,2,1082,2,2,4,1,1070,3,0,41,2,3,7,3,1,10686,8392,6,0,11,3,2,1,13,4,3,9,4,7,0,1961,gen_x
36,0,2,796,1,12,5,3,1073,4,0,51,2,3,4,4,2,8858,15669,0,0,11,3,2,0,15,2,2,14,8,7,8,1979,gen_x
55,0,0,444,1,2,1,3,1074,3,1,40,2,4,3,1,2,16756,17323,7,0,15,3,2,0,31,3,4,9,7,6,2,1960,gen_x
43,0,2,415,2,25,3,3,1076,3,1,79,2,3,7,4,0,10798,5268,5,0,13,3,3,1,18,5,3,1,0,0,0,1972,gen_x
46,0,2,1003,1,8,4,1,1080,4,0,74,2,2,6,1,0,4615,21029,8,1,23,4,1,3,19,2,3,16,13,1,7,1969,gen_x
51,1,2,1323,1,4,4,1,1081,1,1,34,3,1,6,3,1,2461,10332,9,1,12,3,3,3,18,2,4,10,0,2,7,1964,gen_x
41,0,2,509,1,7,2,5,1085,2,0,43,4,1,6,3,1,3376,18863,1,0,13,3,3,0,10,3,3,10,6,0,8,1974,gen_x
38,0,2,330,1,17,1,1,1088,3,0,65,2,3,0,3,1,8823,24608,0,0,18,3,1,1,20,4,2,19,9,1,9,1977,gen_x
40,0,2,1492,1,20,4,5,1092,1,1,61,3,3,0,4,1,10322,26542,4,0,20,4,4,1,14,6,3,11,10,11,1,1975,gen_x
55,0,1,1091,1,2,1,1,1096,4,1,65,3,3,4,2,1,10976,15813,3,0,18,3,2,1,23,4,3,3,2,1,2,1960,gen_x
44,1,2,1376,0,1,2,3,1098,2,1,91,2,3,1,1,1,10482,2326,9,0,14,3,4,1,24,1,3,20,6,3,6,1971,gen_x
37,0,2,309,2,10,4,1,1105,4,0,88,2,2,7,4,0,6694,24223,2,1,14,3,3,3,8,5,3,1,0,0,0,1978,gen_x
42,0,2,469,1,2,2,3,1109,4,1,35,3,4,3,1,1,17665,14399,0,0,17,3,4,1,23,3,3,22,6,13,7,1973,gen_x
50,1,1,959,2,1,4,4,1113,4,1,81,3,2,7,3,2,4728,17251,3,1,14,3,4,0,5,4,3,0,0,0,0,1965,gen_x
48,0,0,1262,1,1,4,3,1116,1,1,35,4,4,3,4,2,16885,16154,2,0,22,4,3,0,27,3,2,5,4,2,1,1967,gen_x
45,0,0,1050,2,9,4,1,1117,2,0,65,2,2,7,3,1,5593,17970,1,0,13,3,4,1,15,2,3,15,10,4,12,1970,gen_x
52,0,2,994,1,7,4,1,1118,2,1,87,3,3,0,2,2,10445,15322,7,0,19,3,4,0,18,4,3,8,6,4,0,1963,gen_x
38,0,2,770,2,10,4,2,1119,3,1,73,2,3,7,3,0,8740,5569,0,1,14,3,2,2,9,2,3,8,7,2,7,1977,gen_x
46,0,2,406,2,3,1,2,1124,1,1,52,3,4,3,3,1,17465,15596,3,0,12,3,4,1,23,3,3,12,9,4,9,1969,gen_x
38,0,2,130,2,2,2,2,1125,4,1,32,3,3,7,2,2,7351,20619,7,0,16,3,3,0,10,2,3,1,0,0,0,1977,gen_x
43,0,1,1082,1,27,3,1,1126,3,0,83,3,3,4,1,1,10820,11535,8,0,11,3,3,1,18,1,3,8,7,0,1,1972,gen_x
39,1,1,203,1,2,3,1,1127,1,1,84,3,4,0,4,0,12169,13547,7,0,11,3,4,3,21,4,3,18,7,11,5,1976,gen_x
40,0,2,1308,1,14,3,3,1128,3,1,44,2,5,5,3,2,19626,17544,1,0,14,3,1,0,21,2,4,20,7,4,9,1975,gen_x
39,0,0,439,1,9,3,1,1132,3,1,70,3,2,2,2,2,6782,8770,9,0,15,3,3,0,9,2,2,5,4,0,3,1976,gen_x
36,0,0,217,1,18,4,1,1133,1,1,78,3,2,4,4,2,7779,23238,2,0,20,4,1,0,18,0,3,11,9,0,9,1979,gen_x
49,0,2,174,2,8,4,5,1138,4,1,56,2,4,7,2,1,13120,11879,6,0,17,3,2,1,22,3,3,9,8,2,3,1966,gen_x
42,0,2,188,1,29,3,3,1148,2,1,56,1,2,2,4,2,4272,9558,4,0,19,3,1,0,16,3,3,1,0,0,0,1973,gen_x
38,0,2,433,0,1,3,0,1152,3,1,37,4,1,1,3,1,2844,6004,1,0,13,3,4,1,7,2,4,7,6,5,0,1977,gen_x
41,0,2,167,1,12,4,1,1158,2,1,46,3,1,2,4,1,4766,9051,3,1,11,3,1,1,6,4,3,1,0,0,0,1974,gen_x
37,0,2,367,1,25,2,3,1161,3,0,52,2,2,0,4,0,5731,17171,7,0,13,3,3,2,9,2,3,6,2,1,3,1978,gen_x
40,0,1,593,1,9,4,3,1166,2,0,88,3,3,5,3,2,13499,13782,9,0,17,3,3,0,20,3,2,18,7,2,13,1975,gen_x
42,1,1,481,2,12,3,1,1167,3,1,44,3,4,7,1,2,13758,2447,0,1,12,3,2,0,22,2,2,21,9,13,14,1973,gen_x
42,0,2,647,2,4,4,2,1171,2,1,45,3,2,7,1,2,5155,2253,7,0,13,3,4,0,9,3,4,6,4,1,5,1973,gen_x
40,0,1,902,1,26,2,3,1180,3,0,92,2,2,6,4,1,4422,21203,3,1,13,3,4,1,16,3,1,1,1,0,0,1975,gen_x
43,1,2,1372,2,9,3,2,1188,1,0,85,1,2,7,3,2,5346,9489,8,0,13,3,2,0,7,2,2,4,3,1,3,1972,gen_x
45,0,2,1457,1,7,3,3,1195,1,0,83,3,1,6,3,1,4477,20100,4,1,19,3,3,1,7,2,2,3,2,0,2,1970,gen_x
37,0,2,977,1,1,3,1,1196,4,0,56,2,2,4,4,1,6474,9961,1,0,13,3,2,1,14,2,2,14,8,3,11,1978,gen_x
44,1,2,1097,1,10,4,1,1200,3,1,96,3,1,6,3,2,2936,10826,1,1,11,3,3,0,6,4,3,6,4,0,2,1971,gen_x
53,0,2,1223,1,7,2,3,1201,4,0,50,3,5,3,3,0,18606,18640,3,0,18,3,2,1,26,6,3,7,7,4,7,1962,gen_x
46,0,2,1402,2,2,3,2,1204,3,0,69,3,4,3,1,1,17048,24097,8,0,23,4,1,0,28,2,3,26,15,15,9,1969,gen_x
44,0,0,111,1,17,3,1,1206,4,1,74,1,1,6,3,2,2290,4279,2,0,13,3,4,0,6,3,3,0,0,0,0,1971,gen_x
41,1,0,906,1,5,2,1,1210,1,1,95,2,1,6,1,0,2107,20293,6,0,17,3,1,1,5,2,1,1,0,0,0,1974,gen_x
40,0,1,1184,2,2,4,3,1212,2,1,62,3,2,7,2,1,4327,25440,5,0,12,3,4,3,5,2,3,0,0,0,0,1975,gen_x
50,0,1,1421,1,2,3,3,1215,4,0,30,3,4,3,1,1,17856,9490,2,0,22,4,3,1,32,3,3,2,2,2,2,1965,gen_x
46,0,2,1450,1,15,2,1,1217,4,1,52,3,5,5,2,1,19081,10849,5,0,11,3,1,1,25,2,3,4,2,0,3,1969,gen_x
36,0,2,917,1,6,4,1,1221,3,1,60,1,1,2,3,0,2741,6865,1,0,14,3,3,1,7,4,3,7,7,1,7,1979,gen_x
44,0,2,200,1,29,4,4,1225,4,1,32,3,2,6,4,2,4541,7744,1,0,25,4,2,0,20,3,3,20,11,13,17,1971,gen_x
46,0,2,150,1,2,4,5,1228,4,1,60,3,2,4,4,0,7379,17433,2,0,11,3,3,1,12,3,2,6,3,1,4,1969,gen_x
42,0,0,179,0,2,5,3,1231,4,1,79,4,2,1,1,1,6272,12858,7,0,16,3,1,1,10,3,4,4,3,0,3,1973,gen_x
36,0,2,363,1,1,3,5,1237,3,0,77,1,3,4,1,0,10252,4235,2,1,21,4,3,1,17,2,3,7,7,7,7,1979,gen_x
40,0,2,107,2,10,3,5,1239,2,0,84,2,2,7,2,0,6852,11591,7,0,12,3,2,1,7,2,4,5,1,1,3,1975,gen_x
42,0,1,458,1,26,5,3,1242,1,0,60,3,3,5,1,1,13191,23281,3,1,17,3,3,0,20,6,3,1,0,0,0,1973,gen_x
54,0,1,966,1,1,4,1,1245,4,0,53,3,3,4,3,0,10502,9659,7,0,17,3,1,1,33,2,1,5,4,1,4,1961,gen_x
44,0,2,1117,1,2,1,1,1246,1,0,72,4,1,6,4,1,2011,19982,1,0,13,3,4,1,10,5,3,10,5,7,7,1971,gen_x
54,0,2,685,1,3,3,1,1250,4,1,85,3,4,5,4,1,17779,23474,3,0,14,3,1,0,36,2,3,10,9,0,9,1961,gen_x
43,0,2,920,1,3,3,1,1255,3,1,96,1,5,5,4,1,19740,18625,3,0,14,3,2,1,25,2,3,8,7,0,7,1972,gen_x
49,0,2,1098,1,4,2,3,1256,1,1,85,2,5,3,3,1,18711,12124,2,0,13,3,3,1,23,2,4,1,0,0,0,1966,gen_x
36,0,1,469,1,3,3,5,1257,3,1,46,3,1,6,2,1,3692,9256,1,0,12,3,3,0,12,2,2,11,10,0,7,1979,gen_x
48,0,2,969,1,2,2,5,1258,4,1,76,4,1,2,2,2,2559,16620,5,0,11,3,3,0,7,4,2,1,0,0,0,1967,gen_x
48,0,2,715,1,1,3,1,1263,4,1,76,2,5,5,4,2,18265,8733,6,0,12,3,3,0,25,3,4,1,0,0,0,1967,gen_x
44,0,2,1099,2,5,3,2,1267,2,1,88,3,5,3,2,1,18213,8751,7,0,11,3,3,1,26,5,3,22,9,3,10,1971,gen_x
45,1,2,1449,2,2,3,2,1277,1,0,94,1,5,3,2,2,18824,2493,2,1,16,3,1,0,26,2,3,24,10,1,11,1970,gen_x
55,0,0,177,1,8,1,3,1278,4,1,37,2,4,0,2,0,13577,25592,1,1,15,3,4,1,34,3,3,33,9,15,0,1960,gen_x
46,0,2,168,2,4,2,2,1280,4,0,33,2,5,3,2,1,18789,9946,2,0,14,3,3,1,26,2,3,11,4,0,8,1969,gen_x
51,0,1,237,2,9,3,1,1282,4,1,83,3,5,3,2,0,19847,19196,4,1,24,4,1,1,31,5,2,29,10,11,10,1964,gen_x
44,0,2,1199,1,4,2,1,1288,3,1,92,4,5,3,1,0,19190,17477,1,0,14,3,4,2,26,4,2,25,9,14,13,1971,gen_x
42,0,2,603,1,7,4,3,1292,2,0,78,4,2,6,2,1,2372,5628,6,1,16,3,4,0,18,2,3,1,0,0,0,1973,gen_x
43,0,2,531,2,4,4,2,1293,4,0,56,2,3,7,4,2,10231,20364,3,0,14,3,4,0,23,3,4,21,7,15,17,1972,gen_x
36,0,2,429,1,2,4,1,1294,3,0,53,3,2,4,2,2,5410,2323,9,1,11,3,4,0,18,2,3,16,14,5,12,1979,gen_x
44,1,2,621,1,15,3,3,1295,1,0,73,3,3,0,4,1,7978,14075,1,0,11,3,4,1,10,2,3,10,7,0,5,1971,gen_x
51,0,1,968,1,6,2,3,1297,2,0,40,2,1,2,3,2,2838,4257,0,0,14,3,2,0,8,6,2,7,0,7,7,1964,gen_x
45,0,1,364,1,25,3,3,1306,2,0,83,3,5,3,2,2,18061,13035,3,0,22,4,3,0,22,4,3,0,0,0,0,1970,gen_x
39,0,2,412,1,13,4,3,1307,3,0,94,2,4,3,2,0,17123,17334,6,1,13,3,4,2,21,4,3,19,9,15,2,1976,gen_x
39,1,2,360,1,23,3,3,1310,3,1,93,3,1,6,1,2,3904,22154,0,0,13,3,1,0,6,2,3,5,2,0,3,1976,gen_x
36,0,2,325,1,10,4,5,1312,4,0,63,3,3,0,3,1,7094,5747,3,0,12,3,1,0,10,0,3,7,7,1,7,1979,gen_x
46,0,2,991,0,1,2,1,1314,4,0,44,3,1,1,1,2,3423,22957,6,0,12,3,3,0,10,3,4,7,6,5,7,1969,gen_x
50,0,2,1322,1,28,3,1,1317,4,0,43,3,4,5,1,1,16880,22422,4,1,11,3,2,0,25,2,3,3,2,1,2,1965,gen_x
40,1,2,299,2,25,4,2,1318,4,1,57,2,3,7,2,2,9094,17235,2,1,12,3,3,0,9,2,3,5,4,1,0,1975,gen_x
52,1,2,1030,2,5,3,1,1319,2,1,64,3,3,7,2,2,8446,21534,9,1,19,3,3,0,10,2,2,8,7,7,7,1963,gen_x
39,0,2,524,1,18,2,1,1322,1,1,32,3,2,4,3,2,4534,13352,0,0,11,3,1,0,9,6,3,8,7,1,7,1976,gen_x
41,0,0,256,2,10,2,3,1329,3,1,40,1,2,7,2,2,6151,22074,1,0,13,3,1,0,19,4,3,19,2,11,9,1974,gen_x
44,1,2,935,1,3,3,1,1333,1,1,89,3,1,2,1,1,2362,14669,4,0,12,3,3,0,10,4,4,3,2,1,2,1971,gen_x
42,0,0,495,1,2,1,1,1334,3,1,37,3,4,3,3,1,17861,26582,0,1,13,3,4,0,21,3,2,20,8,2,10,1973,gen_x
55,0,2,282,1,2,2,3,1336,4,0,58,1,5,3,3,1,19187,6992,4,0,14,3,4,1,23,5,3,19,9,9,11,1960,gen_x
40,0,0,458,1,16,2,1,1340,3,1,74,3,1,6,3,0,3544,8532,9,0,16,3,2,1,6,0,3,4,2,0,0,1975,gen_x
40,0,2,523,1,2,3,1,1346,3,1,98,3,2,6,4,2,4661,22455,1,0,13,3,3,0,9,4,3,9,8,8,8,1975,gen_x
41,0,1,1018,2,1,3,2,1349,3,0,66,3,2,7,1,0,4103,4297,0,0,17,3,4,1,10,2,3,9,3,1,7,1974,gen_x
51,0,2,770,0,5,3,1,1352,3,1,84,3,4,3,2,0,14026,17588,1,1,11,3,2,1,33,2,3,33,9,0,10,1964,gen_x
38,0,2,1009,2,2,2,1,1355,2,0,31,3,2,7,1,0,6893,19461,3,0,15,3,4,1,11,3,3,7,7,1,7,1977,gen_x
40,0,2,329,1,1,4,1,1361,2,1,88,3,1,2,2,1,2387,6762,3,0,22,4,3,1,7,3,3,4,2,0,3,1975,gen_x
36,0,1,607,2,7,3,2,1362,1,0,83,4,2,7,1,1,4639,2261,2,0,16,3,4,1,17,2,2,15,7,6,13,1979,gen_x
48,0,2,855,1,4,3,1,1363,4,1,54,3,3,4,4,2,7898,18706,1,0,11,3,3,0,11,2,3,10,9,0,8,1967,gen_x
51,0,2,1405,1,11,2,5,1367,4,0,82,2,4,4,2,2,13142,24439,3,0,16,3,2,0,29,1,2,5,2,0,3,1964,gen_x
55,1,2,267,2,13,4,2,1372,1,1,85,4,4,7,3,2,13695,9277,6,1,17,3,3,0,24,2,2,19,7,3,8,1960,gen_x
40,0,2,1202,1,2,1,3,1375,2,0,89,4,2,0,3,0,6377,13888,5,0,20,4,2,3,15,0,3,12,11,11,8,1975,gen_x
38,0,1,693,1,7,3,1,1382,4,1,57,4,1,6,3,0,2610,15748,1,0,11,3,4,3,4,2,3,4,2,0,3,1977,gen_x
39,0,2,1498,2,21,4,1,1390,1,1,44,2,2,7,4,1,6120,3567,3,1,12,3,4,2,8,2,4,5,4,1,4,1976,gen_x
51,0,1,541,2,2,3,2,1391,2,1,52,3,3,7,2,1,10596,15395,2,0,11,3,2,0,14,5,3,4,2,3,2,1964,gen_x
41,0,1,1200,1,22,3,1,1392,4,0,75,3,2,6,4,0,5467,13953,3,1,14,3,1,2,12,4,2,6,2,3,3,1974,gen_x
37,0,2,1439,1,4,1,1,1394,3,1,54,3,1,6,3,1,2996,5182,7,1,15,3,4,0,8,2,3,6,4,1,3,1978,gen_x
39,0,0,1485,1,25,2,1,1397,3,1,71,3,3,0,3,1,10920,3449,3,0,21,4,2,1,13,2,3,6,4,0,5,1976,gen_x
52,0,1,322,1,28,2,3,1401,4,0,59,4,4,4,3,1,13247,9731,2,1,11,3,2,1,24,3,2,5,3,0,2,1963,gen_x
43,0,2,930,1,6,3,3,1402,1,0,73,2,2,6,3,2,4081,20003,1,1,14,3,1,0,20,3,1,20,7,1,8,1972,gen_x
42,0,2,1147,0,10,3,0,1408,3,0,31,3,4,3,1,1,16799,16616,0,0,14,3,3,1,21,5,3,20,7,0,9,1973,gen_x
52,0,2,258,1,8,4,4,1409,3,0,54,3,1,2,1,1,2950,17363,9,0,13,3,3,0,12,2,1,5,4,0,4,1963,gen_x
37,0,2,1462,1,11,3,3,1411,1,0,94,3,1,2,3,2,3629,19106,4,0,18,3,1,0,8,6,3,3,2,0,2,1978,gen_x
49,1,1,1475,1,28,2,1,1420,1,1,97,2,2,2,1,2,4284,22710,3,0,20,4,1,0,20,2,3,4,3,1,3,1966,gen_x
54,0,2,971,1,1,3,3,1422,4,0,54,3,4,5,4,2,17328,5652,6,0,19,3,4,0,29,3,2,20,7,12,7,1961,gen_x
55,0,2,1136,1,1,4,3,1424,2,1,81,4,4,5,4,0,14732,12414,2,0,13,3,4,2,31,4,4,7,7,0,0,1960,gen_x
36,0,2,1174,2,3,4,2,1425,1,0,99,3,2,7,2,2,9278,20763,3,1,16,3,4,0,15,3,3,5,4,0,1,1979,gen_x
36,0,2,172,1,4,4,1,1435,1,1,37,2,2,2,4,2,5810,22604,1,0,16,3,3,0,10,2,2,10,4,1,8,1979,gen_x
36,0,2,329,2,16,4,2,1436,3,0,98,2,2,7,1,1,5647,13494,4,0,13,3,1,2,11,3,2,3,2,0,2,1979,gen_x
47,0,2,465,1,1,3,5,1438,1,1,74,3,1,6,4,1,3420,10205,7,0,12,3,3,1,17,2,2,6,5,1,2,1968,gen_x
37,0,0,1413,1,5,2,5,1440,3,1,84,4,1,2,3,2,3500,25470,0,0,14,3,1,0,7,2,1,6,5,1,3,1978,gen_x
47,0,2,359,1,2,4,3,1443,1,0,82,3,4,5,3,1,17169,26703,3,0,19,3,2,2,26,2,4,20,17,5,6,1968,gen_x
41,0,2,1283,1,5,5,3,1448,2,1,90,4,1,6,3,1,2127,5561,2,1,12,3,1,0,7,5,2,4,2,0,3,1974,gen_x
40,0,0,663,1,9,4,4,1449,3,1,81,3,2,2,3,0,3975,23099,3,0,11,3,3,2,11,2,4,8,7,0,7,1975,gen_x
46,1,2,377,2,9,3,2,1457,1,1,52,3,3,7,4,0,10096,15986,4,0,11,3,1,1,28,1,4,7,7,4,3,1969,gen_x
39,1,0,592,1,2,3,1,1458,1,0,54,2,1,2,1,2,3646,17181,2,1,23,4,2,0,11,2,4,1,0,0,0,1976,gen_x
45,0,2,1038,1,20,3,3,1460,2,1,95,1,3,0,1,0,10851,19863,2,1,18,3,2,1,24,2,3,7,7,0,7,1970,gen_x
45,0,2,1448,1,29,3,5,1465,2,1,55,3,3,4,4,1,9380,14720,4,1,18,3,4,2,10,4,4,3,1,1,2,1970,gen_x
48,0,2,1221,2,7,3,2,1466,3,1,96,3,2,7,1,0,5486,24795,4,0,11,3,1,3,15,3,3,2,2,2,2,1967,gen_x
40,0,0,218,1,8,1,3,1468,4,1,55,2,3,5,2,0,13757,25178,2,0,11,3,3,1,16,5,3,9,8,4,8,1975,gen_x
44,0,0,981,1,5,3,1,1471,3,1,90,2,1,2,3,2,3162,7973,3,0,14,3,4,0,7,5,3,5,2,0,3,1971,gen_x
53,0,2,447,1,2,3,3,1472,4,1,39,4,4,5,2,2,16598,19764,4,0,12,3,2,0,35,2,2,9,8,8,8,1962,gen_x
49,0,2,1495,1,5,4,5,1473,1,1,96,3,2,0,3,1,6651,21534,2,0,14,3,2,1,20,0,2,3,2,1,2,1966,gen_x
40,0,2,896,1,2,3,3,1474,3,1,68,3,1,6,3,0,2345,8045,2,0,14,3,3,1,8,3,4,3,1,1,2,1975,gen_x
44,0,2,1467,1,20,3,1,1475,4,1,49,3,1,6,2,2,3420,21158,1,0,13,3,3,0,6,3,2,5,2,1,3,1971,gen_x
42,0,1,748,1,9,2,3,1480,1,0,74,3,1,2,4,2,3673,16458,1,0,13,3,3,0,12,3,3,12,9,5,8,1973,gen_x
44,0,1,383,2,1,5,2,1481,1,0,79,3,2,7,3,1,4768,9282,7,0,12,3,3,1,11,4,2,1,0,0,0,1971,gen_x
49,0,2,1490,1,7,4,1,1484,3,1,35,3,3,0,2,0,10466,20948,3,0,14,3,2,2,29,3,3,8,7,0,7,1966,gen_x
44,0,1,1193,1,2,1,3,1496,2,1,86,3,3,4,3,2,10209,19719,5,1,18,3,2,0,16,2,2,2,2,2,2,1971,gen_x
55,0,2,1229,1,4,4,1,1501,4,1,30,3,2,0,3,1,4035,16143,0,1,16,3,2,0,4,2,3,3,2,1,2,1960,gen_x
47,0,2,571,2,14,3,3,1503,3,0,78,3,2,7,3,1,4591,24200,3,1,17,3,3,1,11,4,2,5,4,1,2,1968,gen_x
49,0,2,271,1,3,2,3,1509,3,0,43,2,2,2,1,1,4789,23070,4,0,25,4,1,1,10,3,3,3,2,1,2,1966,gen_x
54,0,1,1050,1,11,4,3,1520,2,0,87,3,4,3,4,0,16032,24456,3,0,20,4,1,1,26,2,3,14,9,1,12,1961,gen_x
44,0,2,136,1,28,3,1,1523,4,1,32,3,4,5,1,1,16328,22074,3,0,13,3,3,1,24,1,4,20,6,14,17,1971,gen_x
39,0,2,1089,1,6,3,1,1525,2,0,32,3,3,4,2,2,8376,9150,4,0,18,3,4,0,9,3,3,2,0,2,2,1976,gen_x
46,0,2,228,2,3,3,1,1527,3,0,51,3,4,3,2,1,16606,11380,8,0,12,3,4,1,23,2,4,13,12,5,1,1969,gen_x
40,1,2,676,1,9,4,1,1534,4,1,86,3,1,2,1,2,2018,21831,3,0,14,3,2,0,15,3,1,5,4,1,0,1975,gen_x
50,0,1,333,1,22,5,3,1539,3,1,88,1,4,5,4,2,14411,24450,1,1,13,3,4,0,32,2,3,32,6,13,9,1965,gen_x
42,0,2,1210,1,2,3,3,1542,3,1,68,2,1,2,2,1,4841,24052,4,0,14,3,2,1,4,3,3,1,0,0,0,1973,gen_x
37,0,2,674,1,13,3,3,1543,1,1,47,3,2,6,4,1,4285,3031,1,0,17,3,1,0,10,2,3,10,8,3,7,1978,gen_x
45,0,2,950,1,28,3,5,1546,4,1,97,3,1,6,4,1,2132,4585,4,0,20,4,4,1,8,3,3,5,4,0,3,1970,gen_x
42,0,1,288,1,2,3,1,1547,4,1,40,3,3,0,4,1,10124,18611,2,1,14,3,3,1,24,3,1,20,8,13,9,1973,gen_x
40,0,2,1342,2,9,2,3,1548,1,1,47,3,2,7,1,1,5473,19345,0,0,12,3,4,0,9,5,4,8,4,7,1,1975,gen_x
40,0,2,898,0,6,2,3,1550,3,1,38,3,4,3,4,2,16437,17381,1,1,21,4,4,0,21,2,3,21,7,7,7,1975,gen_x
40,0,0,1142,1,8,2,1,1552,4,1,72,3,2,0,4,0,4069,8841,3,1,18,3,3,0,8,2,3,2,2,2,2,1975,gen_x
45,0,2,538,1,1,4,5,1553,1,1,66,3,3,0,2,0,7441,20933,1,0,12,3,1,3,10,4,3,10,8,7,7,1970,gen_x
36,0,2,1157,2,2,4,1,1556,3,1,70,3,1,8,4,2,2644,17001,3,1,21,4,4,0,7,3,2,3,2,1,2,1979,gen_x
48,0,2,492,2,16,4,1,1557,3,0,96,3,2,7,3,0,6439,13693,8,0,14,3,3,1,18,2,3,8,7,7,7,1967,gen_x
38,0,1,888,0,10,4,0,1563,3,1,71,3,2,1,3,1,6077,14814,3,0,11,3,3,0,10,2,3,6,3,1,2,1977,gen_x
53,1,2,607,1,2,5,5,1572,3,0,78,2,3,4,4,1,10169,14618,0,0,16,3,2,1,34,4,3,33,7,1,9,1962,gen_x
38,1,2,903,1,2,3,3,1573,3,1,81,3,2,4,2,1,4855,7653,4,0,11,3,1,2,7,2,3,5,2,1,4,1977,gen_x
48,0,2,1108,1,15,4,4,1576,3,0,65,3,1,6,1,1,2367,16530,8,0,12,3,4,1,10,3,2,8,2,7,6,1967,gen_x
55,0,2,685,2,26,5,2,1578,3,1,60,2,5,3,4,1,19586,23037,1,0,21,4,3,1,36,3,3,36,6,2,13,1960,gen_x
38,0,2,1245,2,14,3,1,1582,3,1,80,3,2,7,2,1,9924,12355,0,0,11,3,4,1,10,3,3,9,8,7,7,1977,gen_x
38,0,2,437,2,16,3,1,1583,2,0,90,3,2,7,2,2,4198,16379,2,0,12,3,2,0,8,5,4,3,2,1,2,1977,gen_x
36,0,2,884,2,1,4,1,1585,2,0,73,3,2,7,3,2,6815,21447,6,0,13,3,1,0,15,5,3,1,0,0,0,1979,gen_x
39,0,2,1462,2,6,3,3,1588,4,1,38,4,3,7,3,1,8237,4658,2,0,11,3,1,1,11,3,3,7,6,7,6,1976,gen_x
50,0,2,264,2,9,3,2,1591,3,1,59,3,5,3,3,1,19331,19519,4,1,16,3,3,1,27,2,3,1,0,0,0,1965,gen_x
36,0,1,1302,1,6,4,1,1594,1,1,80,4,2,2,1,1,5562,19711,3,1,13,3,4,1,9,3,3,3,2,0,2,1979,gen_x
42,0,2,1059,1,9,2,4,1595,4,1,93,2,5,3,4,2,19613,26362,8,0,22,4,4,0,24,2,3,1,0,0,1,1973,gen_x
40,0,2,118,2,14,2,1,1598,4,0,84,3,2,7,1,1,4639,11262,1,0,15,3,3,1,5,2,3,5,4,1,2,1975,gen_x
43,0,2,990,1,27,3,5,1599,4,1,87,4,1,2,2,0,4876,5855,5,0,12,3,3,1,8,0,3,6,4,0,2,1972,gen_x
46,0,2,563,2,1,4,1,1602,4,1,56,4,4,3,1,2,17567,3156,1,0,15,3,2,0,27,5,1,26,0,0,12,1969,gen_x
50,0,1,1234,1,20,5,3,1606,2,1,41,3,4,0,3,1,11245,20689,2,1,15,3,3,1,32,3,3,30,8,12,13,1965,gen_x
44,0,2,1313,1,7,3,3,1608,2,0,31,3,5,5,4,0,19049,3549,0,1,14,3,4,1,23,4,2,22,7,1,10,1971,gen_x
45,0,2,1015,1,5,5,3,1611,3,0,50,1,2,2,1,2,5769,23447,1,1,14,3,1,0,10,3,3,10,7,1,4,1970,gen_x
45,0,0,336,2,26,3,2,1612,1,1,52,2,2,7,1,1,4385,24162,1,0,15,3,1,1,10,2,3,10,7,4,5,1970,gen_x
36,0,2,559,1,12,4,1,1614,3,0,76,3,2,4,3,1,4663,12421,9,1,12,3,2,2,7,2,3,3,2,1,1,1979,gen_x
49,0,2,722,1,25,4,1,1617,3,0,84,3,1,2,1,1,3211,22102,1,0,14,3,4,1,10,3,2,9,6,1,4,1966,gen_x
39,0,2,1387,1,10,5,3,1618,2,1,76,3,2,4,1,1,5377,3835,2,0,13,3,4,3,10,3,3,7,7,7,7,1976,gen_x
47,0,2,1176,0,26,4,1,1625,4,0,98,3,5,3,3,1,19658,5220,3,0,11,3,3,1,27,2,3,5,2,1,0,1968,gen_x
39,0,2,170,1,3,2,3,1627,3,1,76,2,2,2,3,0,3069,10302,0,0,15,3,4,1,11,3,3,10,8,0,7,1976,gen_x
40,0,2,884,1,15,3,1,1628,1,0,80,2,3,4,3,1,10435,25800,1,0,13,3,4,2,18,2,3,18,15,14,12,1975,gen_x
37,0,2,671,1,19,3,1,1631,3,1,85,3,2,4,3,1,5768,26493,3,0,17,3,1,3,9,2,2,4,3,0,2,1978,gen_x
39,0,1,711,1,4,3,3,1633,1,0,81,3,2,4,3,2,5042,3140,0,0,13,3,4,0,10,2,1,9,2,3,8,1976,gen_x
45,0,2,1329,1,2,2,4,1635,4,0,59,2,2,4,4,0,5770,5388,1,0,19,3,1,2,10,3,3,10,7,3,9,1970,gen_x
38,0,2,397,1,2,2,3,1638,4,0,54,2,3,4,3,1,7756,14199,3,1,19,3,4,1,10,6,4,5,4,0,2,1977,gen_x
37,0,2,1470,1,10,3,3,1640,2,0,71,3,1,6,2,1,3936,9953,1,0,11,3,1,1,8,2,1,8,4,7,7,1978,gen_x
40,0,2,448,1,16,3,1,1641,3,0,84,3,3,4,4,2,7945,19948,6,1,15,3,4,0,18,2,2,4,2,3,3,1975,gen_x
44,0,1,602,0,1,5,0,1642,1,1,37,3,2,1,4,1,5743,10503,4,1,11,3,3,0,14,3,3,10,7,0,2,1971,gen_x
48,0,1,365,1,4,5,3,1644,3,1,89,2,4,3,4,1,15202,5602,2,0,25,4,2,1,23,3,3,2,2,2,2,1967,gen_x
40,1,2,1329,1,7,3,1,1649,1,1,73,3,1,2,1,2,2166,3339,3,1,14,3,2,0,10,3,1,4,2,0,3,1975,gen_x
36,0,2,711,1,5,4,1,1651,2,0,42,3,3,0,1,1,8008,22792,4,0,12,3,3,2,9,6,3,3,2,0,2,1979,gen_x
39,0,2,492,1,12,3,3,1654,4,1,66,3,2,4,2,1,5295,7693,4,0,21,4,3,0,7,3,3,5,4,1,0,1976,gen_x
49,0,2,301,1,22,4,4,1655,1,0,72,3,4,5,2,1,16413,3498,3,0,16,3,2,2,27,2,3,4,2,1,2,1966,gen_x
50,0,2,813,1,17,5,1,1656,4,0,50,2,3,5,1,0,13269,21981,5,0,15,3,3,3,19,3,3,14,11,1,11,1965,gen_x
36,0,2,311,1,7,3,1,1659,1,1,77,3,1,2,2,2,2013,10950,2,0,11,3,3,0,15,4,3,4,3,1,3,1979,gen_x
49,0,2,465,1,6,1,1,1661,3,0,41,2,4,0,3,1,13966,11652,2,1,19,3,2,1,30,3,3,15,11,2,12,1966,gen_x
36,0,0,894,1,1,4,3,1662,4,0,33,2,2,4,3,1,4374,15411,0,0,15,3,3,0,4,6,3,3,2,1,2,1979,gen_x
36,0,2,1040,1,3,2,1,1664,4,1,79,4,2,0,1,0,6842,26308,6,0,20,4,1,1,13,3,3,5,4,0,4,1979,gen_x
54,0,2,584,1,22,5,3,1665,2,0,91,3,4,3,3,1,17426,18685,3,0,25,4,3,1,36,6,3,10,8,4,7,1961,gen_x
43,0,2,1291,1,15,2,1,1666,3,1,65,2,4,5,3,1,17603,3525,1,0,24,4,1,1,14,3,3,14,10,6,11,1972,gen_x
38,0,1,1189,1,1,3,1,1668,4,1,90,3,2,6,4,1,4735,9867,7,0,15,3,4,2,19,4,4,13,11,2,9,1977,gen_x
49,0,2,464,1,16,3,3,1674,4,0,74,3,1,2,1,0,2587,24941,4,1,16,3,2,1,17,2,2,2,2,2,2,1966,gen_x
38,0,1,148,1,2,3,3,1675,4,0,42,2,1,2,2,2,2440,23826,1,0,22,4,2,0,4,3,3,4,3,3,3,1977,gen_x
47,0,2,1225,2,2,4,1,1676,2,0,47,4,4,3,2,0,15972,21086,6,0,14,3,3,3,29,2,3,3,2,1,2,1968,gen_x
49,0,2,809,1,1,3,1,1677,3,1,36,3,4,3,3,2,15379,22384,4,0,14,3,1,0,23,2,3,8,7,0,0,1966,gen_x
41,0,2,1206,2,23,2,1,1678,4,1,80,3,3,7,3,2,7082,11591,3,1,16,3,4,0,21,2,3,2,0,0,2,1974,gen_x
36,0,2,1351,1,26,4,1,1682,1,1,80,3,2,0,3,1,5347,7419,6,0,14,3,2,2,10,2,2,3,2,0,2,1979,gen_x
44,0,2,528,0,1,3,1,1683,3,0,44,3,1,1,4,0,3195,4167,4,1,18,3,1,3,8,2,3,2,2,2,2,1971,gen_x
38,0,2,1495,1,4,2,3,1687,4,0,87,3,1,2,3,1,3306,26176,7,0,19,3,4,1,7,5,2,0,0,0,0,1977,gen_x
53,0,2,1395,1,24,4,3,1689,2,1,48,4,3,0,4,1,7005,3458,3,0,15,3,3,0,11,2,3,4,3,1,2,1962,gen_x
48,1,1,708,2,7,2,3,1691,4,0,95,3,1,8,3,1,2655,11740,2,1,11,3,3,2,19,3,3,9,7,7,7,1967,gen_x
55,0,2,1441,1,22,3,5,1694,1,1,94,2,1,6,2,0,3537,23737,5,0,12,3,4,1,8,1,3,4,2,1,2,1960,gen_x
37,0,1,1278,2,1,4,3,1700,3,1,31,1,2,7,4,0,9525,7677,1,0,14,3,3,2,6,2,2,6,3,1,3,1978,gen_x
44,0,2,921,1,2,3,1,1703,3,0,96,4,3,0,4,1,7879,14810,1,1,19,3,2,1,9,2,3,8,7,6,7,1971,gen_x
43,0,2,1179,2,2,3,3,1706,4,1,73,3,2,7,4,1,7847,6069,1,1,17,3,1,1,10,3,3,10,9,8,8,1972,gen_x
41,0,2,918,2,6,3,2,1708,4,1,35,3,3,7,3,2,9241,15869,1,0,12,3,2,0,10,3,3,10,8,8,7,1974,gen_x
36,0,2,530,2,2,4,1,1710,3,0,51,3,2,8,4,2,4502,7439,3,0,15,3,3,0,17,2,2,13,7,6,7,1979,gen_x
45,0,0,1238,1,1,1,1,1712,3,1,74,2,3,0,3,1,10748,3395,3,0,23,4,4,1,25,3,2,23,15,14,4,1970,gen_x
47,1,1,1093,2,9,3,1,1716,3,1,82,1,4,7,3,1,12936,24164,7,0,11,3,3,0,25,3,1,23,5,14,10,1968,gen_x
45,0,2,1005,1,28,2,5,1719,4,0,48,2,4,5,2,2,16704,17119,1,0,11,3,3,0,21,2,3,21,6,8,6,1970,gen_x
41,0,0,552,0,4,3,0,1722,3,1,60,1,2,1,2,1,6430,20794,6,0,19,3,2,1,10,4,3,3,2,1,2,1974,gen_x
40,0,2,369,1,8,2,1,1724,2,0,92,3,2,4,1,1,6516,5041,2,1,16,3,2,1,18,3,3,1,0,0,0,1975,gen_x
46,0,2,717,1,13,4,1,1727,3,1,34,3,2,0,2,2,5562,9697,6,0,14,3,4,0,19,3,3,10,7,0,9,1969,gen_x
47,0,0,543,2,2,4,2,1731,3,1,87,3,2,7,2,1,4978,3536,7,0,11,3,4,1,4,3,1,1,0,0,0,1968,gen_x
46,0,2,1277,2,2,3,1,1732,3,1,74,3,3,7,4,0,10368,5596,4,1,12,3,2,1,13,5,2,10,6,0,3,1969,gen_x
36,1,2,1456,2,13,5,2,1733,2,1,96,2,2,7,1,0,6134,8658,5,1,13,3,2,3,16,3,3,2,2,2,2,1979,gen_x
39,0,0,792,1,1,3,1,1737,4,1,77,3,2,2,4,1,6472,8989,1,1,15,3,4,1,9,2,3,9,8,5,8,1976,gen_x
40,0,2,611,2,7,4,3,1740,2,1,88,3,5,3,2,2,19833,4349,1,0,14,3,2,0,21,3,2,21,8,12,8,1975,gen_x
45,0,2,176,0,4,3,1,1744,3,0,56,1,3,1,3,1,9756,6595,4,0,21,4,3,2,9,2,4,5,0,0,3,1970,gen_x
49,0,2,1313,2,11,4,2,1757,4,0,80,3,2,7,4,2,4507,8191,3,0,12,3,3,0,8,1,4,5,1,0,4,1966,gen_x
38,0,1,594,1,2,2,3,1760,3,0,75,2,1,2,2,1,2468,15963,4,0,14,3,2,1,9,4,2,6,1,0,5,1977,gen_x
38,0,2,833,1,18,3,3,1766,2,1,60,1,2,0,4,1,5811,24539,3,1,16,3,3,1,15,2,3,1,0,1,0,1977,gen_x
43,1,1,807,1,17,3,5,1767,3,1,38,2,1,6,3,1,2437,15587,9,1,16,3,4,1,6,4,3,1,0,0,0,1972,gen_x
42,0,2,855,1,12,3,3,1768,2,1,57,3,1,2,2,0,2766,8952,8,0,22,4,2,3,7,6,2,5,3,0,4,1973,gen_x
55,0,2,478,1,2,3,3,1770,3,1,60,2,5,5,1,1,19038,19805,8,0,12,3,2,3,34,2,3,1,0,0,0,1960,gen_x
41,0,2,548,1,9,4,1,1772,3,1,94,3,1,2,1,0,2289,20520,1,0,20,4,2,2,5,2,3,5,3,0,4,1974,gen_x
53,0,0,661,1,1,4,3,1775,1,0,60,2,4,4,3,1,12965,22308,4,1,20,4,4,3,27,2,2,3,2,0,2,1962,gen_x
43,0,2,244,0,2,3,1,1778,2,1,97,3,1,1,4,2,3539,5033,0,0,13,3,2,0,10,5,3,9,7,1,8,1972,gen_x
38,0,2,1153,1,6,2,4,1782,4,0,40,2,1,2,3,1,3702,16376,1,0,11,3,2,1,5,3,3,5,4,0,4,1977,gen_x
51,0,2,942,1,3,3,5,1786,1,0,53,3,3,3,3,1,13116,22984,2,0,11,3,4,0,15,2,3,2,2,2,2,1964,gen_x
37,0,2,589,2,9,2,2,1787,2,1,46,2,2,7,2,1,4189,8800,1,0,14,3,1,2,5,2,3,5,2,0,3,1978,gen_x
46,0,2,734,1,2,4,3,1789,3,1,46,3,5,5,4,0,19328,14218,7,1,17,3,3,1,24,3,3,2,1,2,2,1969,gen_x
36,0,2,1383,1,10,3,1,1790,4,1,90,3,3,0,1,1,8321,25949,7,1,13,3,4,1,15,1,3,12,8,5,7,1979,gen_x
44,1,1,429,1,1,2,3,1792,3,1,99,3,1,6,2,0,2342,11092,1,1,12,3,3,3,6,2,2,5,3,2,3,1971,gen_x
37,0,2,1239,0,8,2,4,1794,3,1,89,3,2,1,2,0,4071,12832,2,0,13,3,3,0,19,4,2,10,0,4,7,1978,gen_x
39,0,2,1253,1,10,1,3,1800,3,1,65,3,3,5,3,2,13464,7914,7,0,21,4,3,0,9,3,3,4,3,2,2,1976,gen_x
46,0,0,849,2,26,2,1,1801,2,1,98,2,2,7,2,2,7991,25166,8,0,15,3,3,0,6,3,3,2,2,2,2,1969,gen_x
40,0,2,616,1,2,2,1,1802,3,0,99,3,1,2,1,1,3377,25605,4,0,17,3,4,1,7,5,2,4,3,0,2,1975,gen_x
42,0,2,1128,1,13,3,3,1803,2,1,95,4,2,0,1,1,5538,5696,5,0,18,3,3,2,10,2,2,0,0,0,0,1973,gen_x
38,0,0,1336,0,2,3,0,1805,1,1,100,3,1,1,2,0,2592,7129,5,0,13,3,4,3,13,3,3,11,10,3,8,1977,gen_x
37,1,2,370,1,10,4,3,1809,4,1,58,3,2,4,1,2,4213,4992,1,0,15,3,2,0,10,4,1,10,3,0,8,1978,gen_x
39,0,1,766,2,20,3,1,1812,3,1,83,3,2,7,4,0,4127,19188,2,0,18,3,4,1,7,6,3,2,1,2,2,1976,gen_x
43,0,0,343,1,9,3,1,1813,1,1,52,3,1,6,3,2,2438,24978,4,0,13,3,3,0,7,2,2,3,2,1,2,1972,gen_x
41,0,2,447,1,5,3,1,1814,2,1,85,4,2,0,2,2,6870,15530,3,0,12,3,1,0,11,3,1,3,2,1,2,1974,gen_x
41,0,2,796,2,4,1,2,1815,3,0,81,3,3,7,3,0,10447,26458,0,1,13,3,4,1,23,3,4,22,14,13,5,1974,gen_x
46,1,2,261,1,21,2,3,1821,4,0,66,3,2,0,2,1,8926,10842,4,0,22,4,4,1,13,2,4,9,7,3,7,1969,gen_x
40,0,2,1194,1,1,3,1,1822,3,0,52,3,2,0,4,0,6513,9060,4,0,17,3,4,1,12,3,3,5,3,0,3,1975,gen_x
47,0,2,1001,1,4,3,1,1827,3,0,92,2,3,4,2,0,10333,19271,8,1,12,3,3,1,28,4,3,22,11,14,10,1968,gen_x
40,0,2,750,1,12,3,1,1829,2,0,47,3,2,0,1,0,4448,10748,2,0,12,3,2,1,15,3,3,7,4,7,7,1975,gen_x
54,0,2,431,1,7,4,3,1830,4,0,68,3,2,6,4,1,6854,15696,4,0,15,3,2,1,14,2,2,7,1,1,7,1961,gen_x
38,0,2,723,2,2,4,2,1835,2,0,77,1,2,8,4,1,5405,4244,2,1,20,4,1,2,20,4,2,4,2,0,3,1977,gen_x
45,0,0,589,2,2,4,1,1845,3,0,67,3,2,7,3,1,5154,19665,4,0,22,4,2,2,10,3,4,8,7,5,7,1970,gen_x
36,0,2,430,1,2,4,4,1847,4,0,73,3,2,6,2,1,6962,19573,4,1,22,4,4,1,15,2,3,1,0,0,0,1979,gen_x
43,0,1,1422,2,2,4,1,1849,1,1,92,3,2,7,4,1,5675,19246,1,0,20,4,3,1,7,5,3,7,7,7,7,1972,gen_x
42,0,0,355,1,10,4,5,1854,3,1,38,3,1,6,3,1,2936,6161,3,0,22,4,2,2,10,1,2,6,3,3,3,1973,gen_x
47,0,2,207,1,9,4,1,1856,2,0,64,3,1,2,3,2,2105,5411,4,0,12,3,3,0,7,2,3,2,2,2,0,1968,gen_x
46,0,2,706,1,2,2,1,1857,4,1,82,3,3,4,4,0,8578,19989,3,0,14,3,3,1,12,4,2,9,8,4,7,1969,gen_x
42,0,2,1142,1,8,3,1,1860,4,1,81,3,1,2,3,2,3968,13624,4,0,13,3,4,0,8,3,3,0,0,0,0,1973,gen_x
46,0,2,1319,2,3,3,5,1863,1,0,45,4,4,7,1,0,13225,7739,2,0,12,3,4,1,25,5,3,19,17,2,8,1969,gen_x
43,0,2,823,1,6,3,3,1866,1,0,81,2,5,3,3,1,19392,22539,7,0,13,3,4,0,21,2,3,16,12,6,14,1972,gen_x
48,0,2,1224,1,10,3,1,1867,4,1,91,2,5,5,2,1,19665,13583,4,0,12,3,4,0,29,3,3,22,10,12,9,1967,gen_x
46,1,2,1254,2,10,3,1,1869,3,0,64,3,3,7,2,1,7314,14011,5,0,21,4,3,3,14,2,3,8,7,0,7,1969,gen_x
39,0,2,835,1,19,4,4,1871,4,1,41,3,2,6,4,0,3902,5141,8,0,14,3,2,3,7,2,3,2,2,2,2,1976,gen_x
55,0,2,836,1,2,4,5,1873,2,1,98,2,1,6,4,1,2662,7975,8,0,20,4,2,1,19,2,4,5,2,0,4,1960,gen_x
36,0,2,1266,2,10,4,5,1880,2,0,63,2,2,7,3,1,5673,6060,1,1,13,3,1,1,10,4,3,10,9,1,7,1979,gen_x
37,0,2,783,1,7,4,3,1885,4,1,78,3,2,6,1,1,4284,13588,5,1,22,4,3,1,16,2,3,5,3,0,4,1978,gen_x
45,0,2,556,1,25,2,1,1888,2,0,93,2,2,4,4,1,5906,23888,0,0,13,3,4,2,10,2,2,9,8,3,8,1970,gen_x
36,0,1,1213,0,2,1,0,1890,2,1,94,2,2,1,4,2,3886,4223,1,0,21,4,4,0,10,2,2,10,1,0,8,1979,gen_x
40,0,2,1137,1,1,4,1,1892,1,1,98,3,4,3,1,0,16823,18991,2,0,11,3,1,1,22,3,3,19,7,11,16,1975,gen_x
48,0,1,117,1,22,3,3,1900,4,0,58,3,4,3,4,0,17174,2437,3,0,11,3,2,1,24,3,3,22,17,4,7,1967,gen_x
44,0,2,170,1,1,4,1,1903,2,1,78,4,2,0,1,1,5033,9364,2,0,15,3,4,1,10,5,3,2,0,2,2,1971,gen_x
36,0,2,335,2,17,2,2,1908,3,1,33,2,2,7,2,1,5507,16822,2,0,16,3,3,2,12,1,1,4,2,1,3,1979,gen_x
41,0,2,337,2,8,3,2,1909,3,0,54,3,2,7,2,1,4393,26841,5,0,21,4,3,1,14,3,3,5,4,1,4,1974,gen_x
42,0,2,1396,1,6,3,3,1911,3,1,83,3,3,5,1,1,13348,14842,9,0,13,3,2,1,18,3,4,13,7,5,7,1973,gen_x
45,0,1,1297,1,1,4,3,1922,2,1,44,3,2,0,3,2,5399,14511,4,0,12,3,3,0,12,3,3,4,2,0,3,1970,gen_x
39,0,0,1251,2,21,4,1,1929,1,0,32,1,2,7,3,1,5736,3987,6,0,19,3,3,1,10,1,3,3,2,1,2,1976,gen_x
47,0,0,1169,1,14,4,5,1934,3,1,64,3,2,6,2,1,5467,2125,8,0,18,3,3,1,16,4,4,8,7,1,7,1968,gen_x
39,0,2,867,1,9,2,3,1936,1,1,87,3,2,4,1,1,5151,12315,1,0,25,4,4,1,10,3,3,10,0,7,9,1976,gen_x
38,0,1,1394,1,8,3,3,1937,4,0,58,2,2,6,2,0,2133,18115,1,1,16,3,3,1,20,3,3,20,11,0,7,1977,gen_x
38,0,2,1206,1,9,2,1,1940,2,1,71,3,1,6,4,0,4771,14293,2,0,19,3,4,2,10,0,4,5,2,0,3,1977,gen_x
49,0,1,1064,1,2,1,1,1941,2,1,42,3,5,5,4,1,19161,13738,3,0,15,3,4,0,28,3,3,5,4,4,3,1966,gen_x
42,0,2,419,2,12,4,2,1943,2,1,77,3,2,7,4,0,5087,2900,3,1,12,3,3,2,14,4,3,0,0,0,0,1973,gen_x
36,0,0,1351,1,9,4,1,1949,1,1,66,4,1,2,2,1,2810,9238,1,0,22,4,2,0,5,3,3,5,4,0,2,1979,gen_x
38,0,2,1404,2,1,3,1,1961,1,1,59,2,1,8,1,2,2858,11473,4,0,14,3,1,0,20,3,2,1,0,0,0,1977,gen_x
53,1,2,1168,2,24,4,1,1968,1,1,66,3,3,7,1,2,10448,5843,6,1,13,3,2,0,15,2,2,2,2,2,2,1962,gen_x
54,0,2,155,1,9,2,1,1969,1,0,67,3,2,6,3,1,2897,22474,3,0,11,3,3,2,9,6,2,4,3,2,3,1961,gen_x
43,0,2,574,1,11,3,1,1971,1,1,30,3,3,0,3,1,7510,16873,1,0,17,3,2,1,10,1,3,10,9,0,9,1972,gen_x
38,0,1,1444,0,1,4,4,1972,4,1,88,3,1,1,2,1,2991,5224,0,1,11,3,2,1,7,2,3,6,2,1,2,1977,gen_x
55,0,2,189,0,26,4,0,1973,3,1,71,4,5,3,2,1,19636,25811,4,1,18,3,1,1,35,0,3,10,9,1,4,1960,gen_x
39,0,2,119,2,15,4,2,1975,2,1,77,3,4,7,1,2,13341,25098,0,0,12,3,1,0,21,3,3,20,8,11,10,1976,gen_x
42,0,0,335,1,23,2,1,1976,4,1,37,2,2,6,3,2,4332,14811,1,0,12,3,4,0,20,2,3,20,9,3,7,1973,gen_x
54,0,2,157,1,10,3,3,1980,3,0,77,3,2,4,1,2,4440,25198,6,1,19,3,4,0,9,3,3,5,2,1,4,1961,gen_x
40,0,1,692,1,11,3,5,1985,4,0,73,3,2,2,3,1,6323,26849,1,0,11,3,1,1,10,2,4,10,9,9,4,1975,gen_x
40,0,2,444,2,2,2,2,1986,2,0,92,3,2,7,2,1,5677,4258,3,0,14,3,3,1,15,4,3,11,8,5,10,1975,gen_x
47,0,2,1180,1,25,3,3,1993,1,1,84,3,3,0,3,2,8633,13084,2,0,23,4,2,0,25,3,3,17,14,12,11,1968,gen_x
38,0,2,1321,2,1,4,1,1995,4,1,86,3,2,7,2,1,4440,7636,0,0,15,3,1,2,16,3,3,15,13,5,8,1977,gen_x
38,0,1,508,1,6,4,1,1997,1,1,72,2,2,4,3,1,5321,14284,2,0,11,3,4,1,10,1,3,8,3,7,7,1977,gen_x
42,0,2,557,1,18,4,1,1998,4,1,35,3,2,6,1,0,5410,11189,6,1,17,3,3,1,9,3,2,4,3,1,2,1973,gen_x
41,0,2,642,1,1,3,1,1999,4,1,76,3,1,6,4,1,2782,21412,3,0,22,4,1,1,12,3,3,5,3,1,0,1974,gen_x
47,0,0,1162,1,1,1,3,2000,3,0,98,3,3,5,2,1,11957,17231,0,0,18,3,1,2,14,3,1,13,8,5,12,1968,gen_x
40,0,2,543,1,1,4,1,2012,1,1,83,3,1,2,4,1,2406,4060,8,0,19,3,3,2,8,3,2,1,0,0,0,1975,gen_x
39,0,2,116,1,24,1,1,2014,1,1,52,3,2,6,4,2,4108,5340,7,0,13,3,1,0,18,2,3,7,7,1,7,1976,gen_x
38,0,2,201,1,10,3,3,2015,2,0,99,1,3,5,3,1,13206,3376,3,0,12,3,1,1,20,3,3,18,16,1,11,1977,gen_x
37,0,2,161,1,10,3,1,2017,3,0,42,4,3,5,4,1,13744,15471,1,1,25,4,1,1,16,2,3,16,11,6,8,1978,gen_x
52,0,0,585,2,29,4,1,2019,1,1,40,3,1,8,4,0,3482,19788,2,0,15,3,2,2,16,3,2,9,8,0,0,1963,gen_x
44,0,2,1037,1,1,3,3,2020,2,1,42,3,1,6,4,2,2436,13422,6,1,12,3,3,0,6,2,3,4,3,1,2,1971,gen_x
39,0,0,105,1,9,3,1,2022,4,1,87,3,5,3,4,2,19431,15302,2,0,13,3,3,0,21,3,2,6,0,1,3,1976,gen_x
36,0,2,557,2,3,3,3,2024,1,0,94,2,3,7,4,1,7644,12695,0,0,19,3,3,2,10,2,3,9,7,3,4,1979,gen_x
36,0,1,688,1,4,2,1,2025,4,0,97,3,2,4,2,0,5131,9192,7,0,13,3,2,3,18,3,3,4,2,0,2,1979,gen_x
42,0,2,300,1,2,3,1,2031,1,1,56,3,5,3,3,1,18880,17312,5,0,11,3,1,0,24,2,2,22,6,4,14,1973,gen_x
41,0,2,582,1,28,4,1,2034,1,0,60,2,4,4,2,1,13570,5640,0,0,23,4,3,1,21,3,3,20,7,0,10,1974,gen_x
36,0,0,301,2,15,4,2,2036,4,1,88,1,2,7,4,0,5406,10436,1,0,24,4,1,1,15,4,2,15,12,11,11,1979,gen_x
41,0,2,930,2,3,3,1,2037,3,1,57,2,2,7,2,0,8938,12227,2,0,11,3,3,1,14,5,3,5,4,0,4,1974,gen_x
38,0,2,345,2,10,2,1,2041,1,0,100,3,2,7,4,1,5343,5982,1,0,11,3,3,1,10,1,3,10,7,1,9,1977,gen_x
50,1,1,878,2,1,4,1,2044,2,1,94,3,2,7,3,0,6728,14255,7,0,12,3,4,2,12,3,3,6,3,0,1,1965,gen_x
36,0,2,1120,2,11,4,2,2045,2,0,100,2,2,7,4,1,6652,14369,4,0,13,3,1,1,8,2,2,6,3,0,0,1979,gen_x
45,0,2,374,2,20,3,1,2046,4,0,50,3,2,7,3,2,4850,23333,8,0,15,3,3,0,8,3,3,5,3,0,1,1970,gen_x
40,0,2,1322,1,2,4,1,2048,3,1,52,2,1,6,3,2,2809,2725,2,0,14,3,4,0,8,2,3,2,2,2,2,1975,gen_x
40,0,2,1194,1,2,4,3,2051,3,0,98,3,1,6,3,1,2001,12549,2,0,14,3,2,3,20,2,3,5,3,0,2,1975,gen_x
50,1,2,410,2,28,3,2,2055,4,1,39,2,3,7,1,0,10854,16586,4,1,13,3,2,1,20,3,3,3,2,2,0,1965,gen_x
39,0,2,722,2,24,1,2,2056,2,0,60,2,4,7,4,1,12031,8828,0,0,11,3,1,1,21,2,2,20,9,9,6,1976,gen_x
36,0,1,884,1,23,2,3,2061,3,1,41,4,2,2,4,1,2571,12290,4,0,17,3,3,1,17,3,3,5,2,0,3,1979,gen_x
39,0,2,613,1,6,1,3,2062,4,1,42,2,3,0,1,1,9991,21457,4,0,15,3,1,1,9,5,3,7,7,1,7,1976,gen_x
49,0,1,1023,2,2,3,3,2065,4,1,63,2,2,7,2,1,5390,13243,2,0,14,3,4,0,17,3,2,9,6,0,8,1966,gen_x
